ip,last_checked,status,sources,evidence
1.10.247.45,2025-11-03T18:39:06.010551,unknown,AbuseIPDB,AbuseScore=0;reports=0
1.11.225.36,2025-11-03T18:39:06.634093,unknown,AbuseIPDB,AbuseScore=0;reports=0
1.117.113.68,2025-11-03T18:39:07.227688,unknown,AbuseIPDB,AbuseScore=3;reports=4
1.117.142.201,2025-11-03T18:39:07.817863,unknown,AbuseIPDB,AbuseScore=0;reports=0
1.117.245.195,2025-11-03T18:39:08.405834,unknown,AbuseIPDB,AbuseScore=0;reports=0
1.119.136.206,2025-11-03T18:39:09.199832,unknown,AbuseIPDB,AbuseScore=0;reports=0
1.119.187.107,2025-11-03T18:39:09.767843,unknown,AbuseIPDB,AbuseScore=0;reports=0
1.12.227.181,2025-11-03T18:39:10.342326,unknown,AbuseIPDB,AbuseScore=0;reports=0
1.12.237.145,2025-11-03T18:39:10.953285,malicious,AbuseIPDB,AbuseScore=84;reports=68
1.12.245.182,2025-11-03T18:39:11.538492,unknown,AbuseIPDB,AbuseScore=0;reports=0
1.12.246.6,2025-11-03T18:39:12.426546,malicious,AbuseIPDB,AbuseScore=57;reports=150
1.12.251.165,2025-11-03T18:39:13.006751,unknown,AbuseIPDB,AbuseScore=3;reports=2
1.14.125.6,2025-11-03T18:39:13.596805,unknown,AbuseIPDB,AbuseScore=0;reports=0
1.146.77.167,2025-11-03T18:39:14.177259,unknown,AbuseIPDB,AbuseScore=0;reports=0
1.15.1.148,2025-11-03T18:39:14.746019,malicious,AbuseIPDB,AbuseScore=59;reports=86
1.15.135.58,2025-11-03T18:39:15.330185,malicious,AbuseIPDB,AbuseScore=100;reports=99
1.15.138.199,2025-11-03T18:39:15.955271,malicious,AbuseIPDB,AbuseScore=100;reports=80
1.15.173.165,2025-11-03T18:39:16.531083,unknown,AbuseIPDB,AbuseScore=0;reports=63
1.15.2.215,2025-11-03T18:39:17.104385,malicious,AbuseIPDB,AbuseScore=100;reports=83
1.15.29.92,2025-11-03T18:39:17.672128,malicious,AbuseIPDB,AbuseScore=100;reports=36
1.161.89.8,2025-11-03T18:39:18.252599,unknown,AbuseIPDB,AbuseScore=0;reports=0
1.170.110.152,2025-11-03T18:39:18.837759,unknown,AbuseIPDB,AbuseScore=0;reports=0
1.170.123.53,2025-11-03T18:39:19.408869,unknown,AbuseIPDB,AbuseScore=0;reports=0
1.170.14.101,2025-11-03T18:39:19.992820,unknown,AbuseIPDB,AbuseScore=0;reports=0
1.171.144.130,2025-11-03T18:39:20.573716,unknown,AbuseIPDB,AbuseScore=0;reports=0
1.176.134.250,2025-11-03T18:39:21.191169,unknown,AbuseIPDB,AbuseScore=40;reports=33
1.176.194.248,2025-11-03T18:39:21.791142,unknown,AbuseIPDB,AbuseScore=0;reports=0
1.177.108.32,2025-11-03T18:39:22.364201,unknown,AbuseIPDB,AbuseScore=0;reports=0
1.179.128.124,2025-11-03T18:39:22.938196,unknown,AbuseIPDB,AbuseScore=0;reports=0
1.180.230.98,2025-11-03T18:39:23.504455,malicious,AbuseIPDB,AbuseScore=100;reports=592
1.180.89.50,2025-11-03T18:39:24.104737,unknown,AbuseIPDB,AbuseScore=0;reports=0
1.193.63.130,2025-11-03T18:39:24.671579,unknown,AbuseIPDB,AbuseScore=0;reports=1
1.193.63.134,2025-11-03T18:39:25.245276,unknown,AbuseIPDB,AbuseScore=8;reports=10
1.193.63.157,2025-11-03T18:39:25.822067,unknown,AbuseIPDB,AbuseScore=2;reports=4
1.193.63.160,2025-11-03T18:39:26.404428,unknown,AbuseIPDB,AbuseScore=8;reports=2
1.193.63.168,2025-11-03T18:39:26.971937,unknown,AbuseIPDB,AbuseScore=18;reports=9
1.193.63.17,2025-11-03T18:39:27.561544,unknown,AbuseIPDB,AbuseScore=17;reports=5
1.193.63.180,2025-11-03T18:39:28.130610,unknown,AbuseIPDB,AbuseScore=12;reports=5
1.193.63.186,2025-11-03T18:39:28.702530,unknown,AbuseIPDB,AbuseScore=0;reports=4
1.193.63.193,2025-11-03T18:39:29.272354,unknown,AbuseIPDB,AbuseScore=17;reports=9
1.193.63.206,2025-11-03T18:39:29.854934,unknown,AbuseIPDB,AbuseScore=25;reports=16
1.193.63.207,2025-11-03T18:39:30.431770,unknown,AbuseIPDB,AbuseScore=36;reports=25
1.193.63.211,2025-11-03T18:39:31.054239,unknown,AbuseIPDB,AbuseScore=27;reports=12
1.193.63.213,2025-11-03T18:39:31.624855,unknown,AbuseIPDB,AbuseScore=21;reports=5
1.193.63.23,2025-11-03T18:39:32.213091,unknown,AbuseIPDB,AbuseScore=40;reports=10
1.193.63.245,2025-11-03T18:39:32.784401,unknown,AbuseIPDB,AbuseScore=30;reports=16
1.193.63.247,2025-11-03T18:39:33.354540,clean,,
1.193.63.252,2025-11-03T18:39:33.934131,unknown,,AbuseLimitReachedForRun
1.193.63.29,2025-11-03T18:39:33.934147,unknown,,AbuseLimitReachedForRun
1.193.63.31,2025-11-03T18:39:33.934150,unknown,,AbuseLimitReachedForRun
1.193.63.39,2025-11-03T18:39:33.934153,unknown,,AbuseLimitReachedForRun
1.193.63.4,2025-11-03T18:39:33.934155,unknown,,AbuseLimitReachedForRun
1.193.63.42,2025-11-03T18:39:33.934158,unknown,,AbuseLimitReachedForRun
1.193.63.53,2025-11-03T18:39:33.934160,unknown,,AbuseLimitReachedForRun
1.193.63.56,2025-11-03T18:39:33.934163,unknown,,AbuseLimitReachedForRun
1.193.63.58,2025-11-03T18:39:33.934165,unknown,,AbuseLimitReachedForRun
1.193.63.61,2025-11-03T18:39:33.934167,unknown,,AbuseLimitReachedForRun
1.193.63.74,2025-11-03T18:39:33.934170,unknown,,AbuseLimitReachedForRun
1.193.63.91,2025-11-03T18:39:33.934172,unknown,,AbuseLimitReachedForRun
1.194.160.99,2025-11-03T18:39:33.934174,unknown,,AbuseLimitReachedForRun
1.194.225.221,2025-11-03T18:39:33.934176,unknown,,AbuseLimitReachedForRun
1.195.130.200,2025-11-03T18:39:33.934178,unknown,,AbuseLimitReachedForRun
1.196.160.252,2025-11-03T18:39:33.934180,unknown,,AbuseLimitReachedForRun
1.196.160.63,2025-11-03T18:39:33.934183,unknown,,AbuseLimitReachedForRun
1.196.160.72,2025-11-03T18:39:33.934185,unknown,,AbuseLimitReachedForRun
1.202.113.213,2025-11-03T18:39:33.934187,unknown,,AbuseLimitReachedForRun
1.202.113.45,2025-11-03T18:39:33.934190,unknown,,AbuseLimitReachedForRun
1.202.114.248,2025-11-03T18:39:33.934192,unknown,,AbuseLimitReachedForRun
1.202.218.100,2025-11-03T18:39:33.934194,unknown,,AbuseLimitReachedForRun
1.205.48.191,2025-11-03T18:39:33.934197,unknown,,AbuseLimitReachedForRun
1.205.53.81,2025-11-03T18:39:33.934199,unknown,,AbuseLimitReachedForRun
1.207.120.32,2025-11-03T18:39:33.934201,unknown,,AbuseLimitReachedForRun
1.214.34.26,2025-11-03T18:39:33.934203,unknown,,AbuseLimitReachedForRun
1.216.217.219,2025-11-03T18:39:33.934205,unknown,,AbuseLimitReachedForRun
1.220.119.116,2025-11-03T18:39:33.934208,unknown,,AbuseLimitReachedForRun
1.220.135.218,2025-11-03T18:39:33.934210,unknown,,AbuseLimitReachedForRun
1.220.64.218,2025-11-03T18:39:33.934212,unknown,,AbuseLimitReachedForRun
1.225.51.122,2025-11-03T18:39:33.934215,unknown,,AbuseLimitReachedForRun
1.226.103.138,2025-11-03T18:39:33.934218,unknown,,AbuseLimitReachedForRun
1.227.83.100,2025-11-03T18:39:33.934220,unknown,,AbuseLimitReachedForRun
1.227.83.22,2025-11-03T18:39:33.934222,unknown,,AbuseLimitReachedForRun
1.227.83.29,2025-11-03T18:39:33.934224,unknown,,AbuseLimitReachedForRun
1.227.83.30,2025-11-03T18:39:33.934226,unknown,,AbuseLimitReachedForRun
1.227.83.31,2025-11-03T18:39:33.934228,unknown,,AbuseLimitReachedForRun
1.227.83.32,2025-11-03T18:39:33.934231,unknown,,AbuseLimitReachedForRun
1.227.83.33,2025-11-03T18:39:33.934233,unknown,,AbuseLimitReachedForRun
1.227.83.34,2025-11-03T18:39:33.934235,unknown,,AbuseLimitReachedForRun
1.231.160.220,2025-11-03T18:39:33.934237,unknown,,AbuseLimitReachedForRun
1.231.222.23,2025-11-03T18:39:33.934239,unknown,,AbuseLimitReachedForRun
1.232.42.108,2025-11-03T18:39:33.934241,unknown,,AbuseLimitReachedForRun
1.234.62.236,2025-11-03T18:39:33.934244,unknown,,AbuseLimitReachedForRun
1.234.62.237,2025-11-03T18:39:33.934246,unknown,,AbuseLimitReachedForRun
1.24.16.100,2025-11-03T18:39:33.934248,unknown,,AbuseLimitReachedForRun
1.24.16.102,2025-11-03T18:39:33.934250,unknown,,AbuseLimitReachedForRun
1.24.16.103,2025-11-03T18:39:33.934253,unknown,,AbuseLimitReachedForRun
1.24.16.104,2025-11-03T18:39:33.934255,unknown,,AbuseLimitReachedForRun
1.24.16.105,2025-11-03T18:39:33.934257,unknown,,AbuseLimitReachedForRun
1.24.16.107,2025-11-03T18:39:33.934259,unknown,,AbuseLimitReachedForRun
1.24.16.108,2025-11-03T18:39:33.934261,unknown,,AbuseLimitReachedForRun
1.24.16.11,2025-11-03T18:39:33.934263,unknown,,AbuseLimitReachedForRun
1.24.16.110,2025-11-03T18:39:33.934266,unknown,,AbuseLimitReachedForRun
1.24.16.111,2025-11-03T18:39:33.934268,unknown,,AbuseLimitReachedForRun
1.24.16.112,2025-11-03T18:39:33.934270,unknown,,AbuseLimitReachedForRun
1.24.16.113,2025-11-03T18:39:33.934272,unknown,,AbuseLimitReachedForRun
1.24.16.114,2025-11-03T18:39:33.934274,unknown,,AbuseLimitReachedForRun
1.24.16.116,2025-11-03T18:39:33.934277,unknown,,AbuseLimitReachedForRun
1.24.16.117,2025-11-03T18:39:33.934279,unknown,,AbuseLimitReachedForRun
1.24.16.118,2025-11-03T18:39:33.934281,unknown,,AbuseLimitReachedForRun
1.24.16.12,2025-11-03T18:39:33.934284,unknown,,AbuseLimitReachedForRun
1.24.16.120,2025-11-03T18:39:33.934286,unknown,,AbuseLimitReachedForRun
1.24.16.121,2025-11-03T18:39:33.934288,unknown,,AbuseLimitReachedForRun
1.24.16.122,2025-11-03T18:39:33.934290,unknown,,AbuseLimitReachedForRun
1.24.16.123,2025-11-03T18:39:33.934293,unknown,,AbuseLimitReachedForRun
1.24.16.125,2025-11-03T18:39:33.934306,unknown,,AbuseLimitReachedForRun
1.24.16.127,2025-11-03T18:39:33.934308,unknown,,AbuseLimitReachedForRun
1.24.16.128,2025-11-03T18:39:33.934310,unknown,,AbuseLimitReachedForRun
1.24.16.13,2025-11-03T18:39:33.934312,unknown,,AbuseLimitReachedForRun
1.24.16.131,2025-11-03T18:39:33.934314,unknown,,AbuseLimitReachedForRun
1.24.16.134,2025-11-03T18:39:33.934317,unknown,,AbuseLimitReachedForRun
1.24.16.136,2025-11-03T18:39:33.934319,unknown,,AbuseLimitReachedForRun
1.24.16.137,2025-11-03T18:39:33.934321,unknown,,AbuseLimitReachedForRun
1.24.16.138,2025-11-03T18:39:33.934323,unknown,,AbuseLimitReachedForRun
1.24.16.139,2025-11-03T18:39:33.934326,unknown,,AbuseLimitReachedForRun
1.24.16.14,2025-11-03T18:39:33.934328,unknown,,AbuseLimitReachedForRun
1.24.16.140,2025-11-03T18:39:33.934330,unknown,,AbuseLimitReachedForRun
1.24.16.141,2025-11-03T18:39:33.934332,unknown,,AbuseLimitReachedForRun
1.24.16.142,2025-11-03T18:39:33.934335,unknown,,AbuseLimitReachedForRun
1.24.16.143,2025-11-03T18:39:33.934337,unknown,,AbuseLimitReachedForRun
1.24.16.145,2025-11-03T18:39:33.934339,unknown,,AbuseLimitReachedForRun
1.24.16.146,2025-11-03T18:39:33.934826,unknown,,AbuseLimitReachedForRun
1.24.16.147,2025-11-03T18:39:33.934828,unknown,,AbuseLimitReachedForRun
1.24.16.148,2025-11-03T18:39:33.934831,unknown,,AbuseLimitReachedForRun
1.24.16.149,2025-11-03T18:39:33.934833,unknown,,AbuseLimitReachedForRun
1.24.16.15,2025-11-03T18:39:33.934835,unknown,,AbuseLimitReachedForRun
1.24.16.154,2025-11-03T18:39:33.934837,unknown,,AbuseLimitReachedForRun
1.24.16.155,2025-11-03T18:39:33.934840,unknown,,AbuseLimitReachedForRun
1.24.16.156,2025-11-03T18:39:33.934842,unknown,,AbuseLimitReachedForRun
1.24.16.157,2025-11-03T18:39:33.934844,unknown,,AbuseLimitReachedForRun
1.24.16.158,2025-11-03T18:39:33.934846,unknown,,AbuseLimitReachedForRun
1.24.16.159,2025-11-03T18:39:33.934849,unknown,,AbuseLimitReachedForRun
1.24.16.160,2025-11-03T18:39:33.934851,unknown,,AbuseLimitReachedForRun
1.24.16.161,2025-11-03T18:39:33.934854,unknown,,AbuseLimitReachedForRun
1.24.16.162,2025-11-03T18:39:33.934856,unknown,,AbuseLimitReachedForRun
1.24.16.163,2025-11-03T18:39:33.934859,unknown,,AbuseLimitReachedForRun
1.24.16.165,2025-11-03T18:39:33.934864,unknown,,AbuseLimitReachedForRun
1.24.16.169,2025-11-03T18:39:33.934867,unknown,,AbuseLimitReachedForRun
1.24.16.17,2025-11-03T18:39:33.934869,unknown,,AbuseLimitReachedForRun
1.24.16.170,2025-11-03T18:39:33.934871,unknown,,AbuseLimitReachedForRun
1.24.16.172,2025-11-03T18:39:33.934873,unknown,,AbuseLimitReachedForRun
1.24.16.173,2025-11-03T18:39:33.934880,unknown,,AbuseLimitReachedForRun
1.24.16.175,2025-11-03T18:39:33.934883,unknown,,AbuseLimitReachedForRun
1.24.16.176,2025-11-03T18:39:33.934885,unknown,,AbuseLimitReachedForRun
1.24.16.177,2025-11-03T18:39:33.934887,unknown,,AbuseLimitReachedForRun
1.24.16.178,2025-11-03T18:39:33.934889,unknown,,AbuseLimitReachedForRun
1.24.16.179,2025-11-03T18:39:33.934890,unknown,,AbuseLimitReachedForRun
1.24.16.182,2025-11-03T18:39:33.934892,unknown,,AbuseLimitReachedForRun
1.24.16.183,2025-11-03T18:39:33.934894,unknown,,AbuseLimitReachedForRun
1.24.16.185,2025-11-03T18:39:33.934896,unknown,,AbuseLimitReachedForRun
1.24.16.188,2025-11-03T18:39:33.934897,unknown,,AbuseLimitReachedForRun
1.24.16.189,2025-11-03T18:39:33.934899,unknown,,AbuseLimitReachedForRun
1.24.16.19,2025-11-03T18:39:33.934901,unknown,,AbuseLimitReachedForRun
1.24.16.190,2025-11-03T18:39:33.934903,unknown,,AbuseLimitReachedForRun
1.24.16.191,2025-11-03T18:39:33.934904,unknown,,AbuseLimitReachedForRun
1.24.16.192,2025-11-03T18:39:33.934906,unknown,,AbuseLimitReachedForRun
1.24.16.193,2025-11-03T18:39:33.934908,unknown,,AbuseLimitReachedForRun
1.24.16.194,2025-11-03T18:39:33.934910,unknown,,AbuseLimitReachedForRun
1.24.16.195,2025-11-03T18:39:33.934912,unknown,,AbuseLimitReachedForRun
1.24.16.196,2025-11-03T18:39:33.934914,unknown,,AbuseLimitReachedForRun
1.24.16.198,2025-11-03T18:39:33.934917,unknown,,AbuseLimitReachedForRun
1.24.16.199,2025-11-03T18:39:33.934919,unknown,,AbuseLimitReachedForRun
1.24.16.20,2025-11-03T18:39:33.934921,unknown,,AbuseLimitReachedForRun
1.24.16.202,2025-11-03T18:39:33.934923,unknown,,AbuseLimitReachedForRun
1.24.16.203,2025-11-03T18:39:33.934924,unknown,,AbuseLimitReachedForRun
1.24.16.204,2025-11-03T18:39:33.934927,unknown,,AbuseLimitReachedForRun
1.24.16.205,2025-11-03T18:39:33.934929,unknown,,AbuseLimitReachedForRun
1.24.16.206,2025-11-03T18:39:33.934930,unknown,,AbuseLimitReachedForRun
1.24.16.207,2025-11-03T18:39:33.934932,unknown,,AbuseLimitReachedForRun
1.24.16.208,2025-11-03T18:39:33.934934,unknown,,AbuseLimitReachedForRun
1.24.16.21,2025-11-03T18:39:33.934936,unknown,,AbuseLimitReachedForRun
1.24.16.210,2025-11-03T18:39:33.934937,unknown,,AbuseLimitReachedForRun
1.24.16.211,2025-11-03T18:39:33.934939,unknown,,AbuseLimitReachedForRun
1.24.16.212,2025-11-03T18:39:33.934941,unknown,,AbuseLimitReachedForRun
1.24.16.213,2025-11-03T18:39:33.934943,unknown,,AbuseLimitReachedForRun
1.24.16.216,2025-11-03T18:39:33.934944,unknown,,AbuseLimitReachedForRun
1.24.16.217,2025-11-03T18:39:33.934946,unknown,,AbuseLimitReachedForRun
1.24.16.218,2025-11-03T18:39:33.934948,unknown,,AbuseLimitReachedForRun
1.24.16.219,2025-11-03T18:39:33.934949,unknown,,AbuseLimitReachedForRun
1.24.16.22,2025-11-03T18:39:33.934951,unknown,,AbuseLimitReachedForRun
1.24.16.220,2025-11-03T18:39:33.934953,unknown,,AbuseLimitReachedForRun
1.24.16.221,2025-11-03T18:39:33.934955,unknown,,AbuseLimitReachedForRun
1.24.16.223,2025-11-03T18:39:33.934956,unknown,,AbuseLimitReachedForRun
1.24.16.224,2025-11-03T18:39:33.934960,unknown,,AbuseLimitReachedForRun
1.24.16.226,2025-11-03T18:39:33.934962,unknown,,AbuseLimitReachedForRun
1.24.16.227,2025-11-03T18:39:33.934964,unknown,,AbuseLimitReachedForRun
1.24.16.228,2025-11-03T18:39:33.934966,unknown,,AbuseLimitReachedForRun
1.24.16.229,2025-11-03T18:39:33.934967,unknown,,AbuseLimitReachedForRun
1.24.16.230,2025-11-03T18:39:33.934969,unknown,,AbuseLimitReachedForRun
1.24.16.231,2025-11-03T18:39:33.934971,unknown,,AbuseLimitReachedForRun
1.24.16.232,2025-11-03T18:39:33.934972,unknown,,AbuseLimitReachedForRun
1.24.16.233,2025-11-03T18:39:33.934974,unknown,,AbuseLimitReachedForRun
1.24.16.234,2025-11-03T18:39:33.934975,unknown,,AbuseLimitReachedForRun
1.24.16.235,2025-11-03T18:39:33.934977,unknown,,AbuseLimitReachedForRun
1.24.16.236,2025-11-03T18:39:33.934978,unknown,,AbuseLimitReachedForRun
1.24.16.237,2025-11-03T18:39:33.934979,unknown,,AbuseLimitReachedForRun
1.24.16.24,2025-11-03T18:39:33.934981,unknown,,AbuseLimitReachedForRun
1.24.16.240,2025-11-03T18:39:33.934982,unknown,,AbuseLimitReachedForRun
1.24.16.241,2025-11-03T18:39:33.934984,unknown,,AbuseLimitReachedForRun
1.24.16.242,2025-11-03T18:39:33.934985,unknown,,AbuseLimitReachedForRun
1.24.16.243,2025-11-03T18:39:33.934987,unknown,,AbuseLimitReachedForRun
1.24.16.245,2025-11-03T18:39:33.934988,unknown,,AbuseLimitReachedForRun
1.24.16.246,2025-11-03T18:39:33.934989,unknown,,AbuseLimitReachedForRun
1.24.16.247,2025-11-03T18:39:33.934991,unknown,,AbuseLimitReachedForRun
1.24.16.25,2025-11-03T18:39:33.934992,unknown,,AbuseLimitReachedForRun
1.24.16.250,2025-11-03T18:39:33.934994,unknown,,AbuseLimitReachedForRun
1.24.16.252,2025-11-03T18:39:33.934997,unknown,,AbuseLimitReachedForRun
1.24.16.253,2025-11-03T18:39:33.935000,unknown,,AbuseLimitReachedForRun
1.24.16.26,2025-11-03T18:39:33.935002,unknown,,AbuseLimitReachedForRun
1.24.16.27,2025-11-03T18:39:33.935003,unknown,,AbuseLimitReachedForRun
1.24.16.28,2025-11-03T18:39:33.935004,unknown,,AbuseLimitReachedForRun
1.24.16.29,2025-11-03T18:39:33.935006,unknown,,AbuseLimitReachedForRun
1.24.16.30,2025-11-03T18:39:33.935007,unknown,,AbuseLimitReachedForRun
1.24.16.31,2025-11-03T18:39:33.935009,unknown,,AbuseLimitReachedForRun
1.24.16.32,2025-11-03T18:39:33.935010,unknown,,AbuseLimitReachedForRun
1.24.16.34,2025-11-03T18:39:33.935012,unknown,,AbuseLimitReachedForRun
1.24.16.36,2025-11-03T18:39:33.935015,unknown,,AbuseLimitReachedForRun
1.24.16.37,2025-11-03T18:39:33.935016,unknown,,AbuseLimitReachedForRun
1.24.16.39,2025-11-03T18:39:33.935018,unknown,,AbuseLimitReachedForRun
1.24.16.4,2025-11-03T18:39:33.935019,unknown,,AbuseLimitReachedForRun
1.24.16.40,2025-11-03T18:39:33.935020,unknown,,AbuseLimitReachedForRun
1.24.16.42,2025-11-03T18:39:33.935022,unknown,,AbuseLimitReachedForRun
1.24.16.43,2025-11-03T18:39:33.935023,unknown,,AbuseLimitReachedForRun
1.24.16.44,2025-11-03T18:39:33.935025,unknown,,AbuseLimitReachedForRun
1.24.16.45,2025-11-03T18:39:33.935026,unknown,,AbuseLimitReachedForRun
1.24.16.46,2025-11-03T18:39:33.935028,unknown,,AbuseLimitReachedForRun
1.24.16.47,2025-11-03T18:39:33.935029,unknown,,AbuseLimitReachedForRun
1.24.16.48,2025-11-03T18:39:33.935031,unknown,,AbuseLimitReachedForRun
1.24.16.5,2025-11-03T18:39:33.935034,unknown,,AbuseLimitReachedForRun
1.24.16.50,2025-11-03T18:39:33.935035,unknown,,AbuseLimitReachedForRun
1.24.16.51,2025-11-03T18:39:33.935037,unknown,,AbuseLimitReachedForRun
1.24.16.52,2025-11-03T18:39:33.935038,unknown,,AbuseLimitReachedForRun
1.24.16.53,2025-11-03T18:39:33.935039,unknown,,AbuseLimitReachedForRun
1.24.16.55,2025-11-03T18:39:33.935041,unknown,,AbuseLimitReachedForRun
1.24.16.56,2025-11-03T18:39:33.935042,unknown,,AbuseLimitReachedForRun
1.24.16.57,2025-11-03T18:39:33.935044,unknown,,AbuseLimitReachedForRun
1.24.16.58,2025-11-03T18:39:33.935045,unknown,,AbuseLimitReachedForRun
1.24.16.59,2025-11-03T18:39:33.935046,unknown,,AbuseLimitReachedForRun
1.24.16.60,2025-11-03T18:39:33.935048,unknown,,AbuseLimitReachedForRun
1.24.16.61,2025-11-03T18:39:33.935049,unknown,,AbuseLimitReachedForRun
1.24.16.65,2025-11-03T18:39:33.935051,unknown,,AbuseLimitReachedForRun
1.24.16.66,2025-11-03T18:39:33.935052,unknown,,AbuseLimitReachedForRun
1.24.16.7,2025-11-03T18:39:33.935054,unknown,,AbuseLimitReachedForRun
1.24.16.70,2025-11-03T18:39:33.935055,unknown,,AbuseLimitReachedForRun
1.24.16.71,2025-11-03T18:39:33.935056,unknown,,AbuseLimitReachedForRun
1.24.16.72,2025-11-03T18:39:33.935058,unknown,,AbuseLimitReachedForRun
1.24.16.73,2025-11-03T18:39:33.935059,unknown,,AbuseLimitReachedForRun
1.24.16.74,2025-11-03T18:39:33.935061,unknown,,AbuseLimitReachedForRun
1.24.16.79,2025-11-03T18:39:33.935062,unknown,,AbuseLimitReachedForRun
1.24.16.8,2025-11-03T18:39:33.935064,unknown,,AbuseLimitReachedForRun
1.24.16.80,2025-11-03T18:39:33.935065,unknown,,AbuseLimitReachedForRun
1.24.16.81,2025-11-03T18:39:33.935066,unknown,,AbuseLimitReachedForRun
1.24.16.85,2025-11-03T18:39:33.935069,unknown,,AbuseLimitReachedForRun
1.24.16.86,2025-11-03T18:39:33.935071,unknown,,AbuseLimitReachedForRun
1.24.16.87,2025-11-03T18:39:33.935072,unknown,,AbuseLimitReachedForRun
1.24.16.88,2025-11-03T18:39:33.935074,unknown,,AbuseLimitReachedForRun
1.24.16.9,2025-11-03T18:39:33.935075,unknown,,AbuseLimitReachedForRun
1.24.16.90,2025-11-03T18:39:33.935076,unknown,,AbuseLimitReachedForRun
1.24.16.92,2025-11-03T18:39:33.935080,unknown,,AbuseLimitReachedForRun
1.24.16.93,2025-11-03T18:39:33.935081,unknown,,AbuseLimitReachedForRun
1.24.16.94,2025-11-03T18:39:33.935083,unknown,,AbuseLimitReachedForRun
1.24.16.95,2025-11-03T18:39:33.935084,unknown,,AbuseLimitReachedForRun
1.24.16.96,2025-11-03T18:39:33.935086,unknown,,AbuseLimitReachedForRun
1.24.16.97,2025-11-03T18:39:33.935087,unknown,,AbuseLimitReachedForRun
1.24.16.99,2025-11-03T18:39:33.935089,unknown,,AbuseLimitReachedForRun
1.24.184.194,2025-11-03T18:39:33.935090,unknown,,AbuseLimitReachedForRun
1.24.230.44,2025-11-03T18:39:33.935091,unknown,,AbuseLimitReachedForRun
1.24.27.183,2025-11-03T18:39:33.935093,unknown,,AbuseLimitReachedForRun
1.25.120.62,2025-11-03T18:39:33.935094,unknown,,AbuseLimitReachedForRun
1.25.19.184,2025-11-03T18:39:33.935096,unknown,,AbuseLimitReachedForRun
1.25.58.190,2025-11-03T18:39:33.935097,unknown,,AbuseLimitReachedForRun
1.25.58.20,2025-11-03T18:39:33.935099,unknown,,AbuseLimitReachedForRun
1.25.64.132,2025-11-03T18:39:33.935100,unknown,,AbuseLimitReachedForRun
1.25.64.37,2025-11-03T18:39:33.935101,unknown,,AbuseLimitReachedForRun
1.25.65.64,2025-11-03T18:39:33.935103,unknown,,AbuseLimitReachedForRun
1.25.75.185,2025-11-03T18:39:33.935106,unknown,,AbuseLimitReachedForRun
1.26.125.198,2025-11-03T18:39:33.935107,unknown,,AbuseLimitReachedForRun
1.27.128.90,2025-11-03T18:39:33.935109,unknown,,AbuseLimitReachedForRun
1.28.154.168,2025-11-03T18:39:33.935110,unknown,,AbuseLimitReachedForRun
1.28.209.156,2025-11-03T18:39:33.935113,unknown,,AbuseLimitReachedForRun
1.28.209.24,2025-11-03T18:39:33.935115,unknown,,AbuseLimitReachedForRun
1.28.209.36,2025-11-03T18:39:33.935116,unknown,,AbuseLimitReachedForRun
1.28.216.238,2025-11-03T18:39:33.935117,unknown,,AbuseLimitReachedForRun
1.28.216.33,2025-11-03T18:39:33.935119,unknown,,AbuseLimitReachedForRun
1.28.218.91,2025-11-03T18:39:33.935120,unknown,,AbuseLimitReachedForRun
1.28.228.13,2025-11-03T18:39:33.935122,unknown,,AbuseLimitReachedForRun
1.29.238.81,2025-11-03T18:39:33.935123,unknown,,AbuseLimitReachedForRun
1.30.108.245,2025-11-03T18:39:33.935125,unknown,,AbuseLimitReachedForRun
1.30.109.41,2025-11-03T18:39:33.935126,unknown,,AbuseLimitReachedForRun
1.30.111.120,2025-11-03T18:39:33.935127,unknown,,AbuseLimitReachedForRun
1.30.33.185,2025-11-03T18:39:33.935129,unknown,,AbuseLimitReachedForRun
1.31.73.184,2025-11-03T18:39:33.935130,unknown,,AbuseLimitReachedForRun
1.31.78.126,2025-11-03T18:39:33.935132,unknown,,AbuseLimitReachedForRun
1.32.125.166,2025-11-03T18:39:33.935133,unknown,,AbuseLimitReachedForRun
1.32.57.245,2025-11-03T18:39:33.935135,unknown,,AbuseLimitReachedForRun
1.33.219.152,2025-11-03T18:39:33.935136,unknown,,AbuseLimitReachedForRun
1.34.100.72,2025-11-03T18:39:33.935137,unknown,,AbuseLimitReachedForRun
1.34.102.117,2025-11-03T18:39:33.935139,unknown,,AbuseLimitReachedForRun
1.34.107.46,2025-11-03T18:39:33.935142,unknown,,AbuseLimitReachedForRun
1.34.125.90,2025-11-03T18:39:33.935143,unknown,,AbuseLimitReachedForRun
1.34.126.178,2025-11-03T18:39:33.935145,unknown,,AbuseLimitReachedForRun
1.34.144.16,2025-11-03T18:39:33.935147,unknown,,AbuseLimitReachedForRun
1.34.146.59,2025-11-03T18:39:33.935148,unknown,,AbuseLimitReachedForRun
1.34.163.174,2025-11-03T18:39:33.935149,unknown,,AbuseLimitReachedForRun
1.34.166.2,2025-11-03T18:39:33.935151,unknown,,AbuseLimitReachedForRun
1.34.18.203,2025-11-03T18:39:33.935152,unknown,,AbuseLimitReachedForRun
1.34.18.59,2025-11-03T18:39:33.935154,unknown,,AbuseLimitReachedForRun
1.34.190.33,2025-11-03T18:39:33.935155,unknown,,AbuseLimitReachedForRun
1.34.2.141,2025-11-03T18:39:33.935157,unknown,,AbuseLimitReachedForRun
1.34.200.229,2025-11-03T18:39:33.935160,unknown,,AbuseLimitReachedForRun
1.34.209.215,2025-11-03T18:39:33.935161,unknown,,AbuseLimitReachedForRun
1.34.209.79,2025-11-03T18:39:33.935163,unknown,,AbuseLimitReachedForRun
1.34.212.100,2025-11-03T18:39:33.935164,unknown,,AbuseLimitReachedForRun
1.34.212.189,2025-11-03T18:39:33.935165,unknown,,AbuseLimitReachedForRun
1.34.222.191,2025-11-03T18:39:33.935167,unknown,,AbuseLimitReachedForRun
1.34.229.120,2025-11-03T18:39:33.935168,unknown,,AbuseLimitReachedForRun
1.34.230.46,2025-11-03T18:39:33.935170,unknown,,AbuseLimitReachedForRun
1.34.231.16,2025-11-03T18:39:33.935171,unknown,,AbuseLimitReachedForRun
1.34.232.138,2025-11-03T18:39:33.935173,unknown,,AbuseLimitReachedForRun
1.34.235.81,2025-11-03T18:39:33.935174,unknown,,AbuseLimitReachedForRun
1.34.239.180,2025-11-03T18:39:33.935177,unknown,,AbuseLimitReachedForRun
1.34.243.17,2025-11-03T18:39:33.935179,unknown,,AbuseLimitReachedForRun
1.34.247.157,2025-11-03T18:39:33.935180,unknown,,AbuseLimitReachedForRun
1.34.253.181,2025-11-03T18:39:33.935181,unknown,,AbuseLimitReachedForRun
1.34.253.240,2025-11-03T18:39:33.935183,unknown,,AbuseLimitReachedForRun
1.34.254.21,2025-11-03T18:39:33.935184,unknown,,AbuseLimitReachedForRun
1.34.27.198,2025-11-03T18:39:33.935186,unknown,,AbuseLimitReachedForRun
1.34.42.190,2025-11-03T18:39:33.935187,unknown,,AbuseLimitReachedForRun
1.34.52.67,2025-11-03T18:39:33.935189,unknown,,AbuseLimitReachedForRun
1.34.58.99,2025-11-03T18:39:33.935190,unknown,,AbuseLimitReachedForRun
1.34.6.132,2025-11-03T18:39:33.935191,unknown,,AbuseLimitReachedForRun
1.34.65.133,2025-11-03T18:39:33.935193,unknown,,AbuseLimitReachedForRun
1.34.74.88,2025-11-03T18:39:33.935194,unknown,,AbuseLimitReachedForRun
1.34.76.241,2025-11-03T18:39:33.935196,unknown,,AbuseLimitReachedForRun
1.34.9.93,2025-11-03T18:39:33.935197,unknown,,AbuseLimitReachedForRun
1.34.90.127,2025-11-03T18:39:33.935199,unknown,,AbuseLimitReachedForRun
1.34.94.21,2025-11-03T18:39:33.935200,unknown,,AbuseLimitReachedForRun
1.36.197.148,2025-11-03T18:39:33.935201,unknown,,AbuseLimitReachedForRun
1.53.228.31,2025-11-03T18:39:33.935203,unknown,,AbuseLimitReachedForRun
1.53.231.217,2025-11-03T18:39:33.935204,unknown,,AbuseLimitReachedForRun
1.54.173.124,2025-11-03T18:39:33.935206,unknown,,AbuseLimitReachedForRun
1.54.187.118,2025-11-03T18:39:33.935207,unknown,,AbuseLimitReachedForRun
1.54.43.172,2025-11-03T18:39:33.935208,unknown,,AbuseLimitReachedForRun
1.55.210.225,2025-11-03T18:39:33.935212,unknown,,AbuseLimitReachedForRun
1.55.211.215,2025-11-03T18:39:33.935215,unknown,,AbuseLimitReachedForRun
1.55.255.167,2025-11-03T18:39:33.935217,unknown,,AbuseLimitReachedForRun
1.58.185.76,2025-11-03T18:39:33.935218,unknown,,AbuseLimitReachedForRun
1.6.225.123,2025-11-03T18:39:33.935220,unknown,,AbuseLimitReachedForRun
1.6.53.205,2025-11-03T18:39:33.935221,unknown,,AbuseLimitReachedForRun
1.61.253.193,2025-11-03T18:39:33.935222,unknown,,AbuseLimitReachedForRun
1.62.21.4,2025-11-03T18:39:33.935224,unknown,,AbuseLimitReachedForRun
1.62.236.105,2025-11-03T18:39:33.935225,unknown,,AbuseLimitReachedForRun
1.62.252.91,2025-11-03T18:39:33.935227,unknown,,AbuseLimitReachedForRun
1.63.8.107,2025-11-03T18:39:33.935228,unknown,,AbuseLimitReachedForRun
1.70.10.146,2025-11-03T18:39:33.935229,unknown,,AbuseLimitReachedForRun
1.70.10.88,2025-11-03T18:39:33.935231,unknown,,AbuseLimitReachedForRun
1.70.11.112,2025-11-03T18:39:33.935232,unknown,,AbuseLimitReachedForRun
1.70.11.78,2025-11-03T18:39:33.935234,unknown,,AbuseLimitReachedForRun
1.70.127.28,2025-11-03T18:39:33.935235,unknown,,AbuseLimitReachedForRun
1.70.137.52,2025-11-03T18:39:33.935237,unknown,,AbuseLimitReachedForRun
1.70.160.233,2025-11-03T18:39:33.935238,unknown,,AbuseLimitReachedForRun
1.70.166.243,2025-11-03T18:39:33.935241,unknown,,AbuseLimitReachedForRun
1.70.173.170,2025-11-03T18:39:33.935243,unknown,,AbuseLimitReachedForRun
1.70.191.54,2025-11-03T18:39:33.935244,unknown,,AbuseLimitReachedForRun
1.70.20.78,2025-11-03T18:39:33.935246,unknown,,AbuseLimitReachedForRun
1.70.9.108,2025-11-03T18:39:33.935247,unknown,,AbuseLimitReachedForRun
1.70.9.239,2025-11-03T18:39:33.935248,unknown,,AbuseLimitReachedForRun
1.70.99.129,2025-11-03T18:39:33.935251,unknown,,AbuseLimitReachedForRun
1.71.2.174,2025-11-03T18:39:33.935253,unknown,,AbuseLimitReachedForRun
1.82.191.110,2025-11-03T18:39:33.935254,unknown,,AbuseLimitReachedForRun
1.82.191.114,2025-11-03T18:39:33.935256,unknown,,AbuseLimitReachedForRun
1.83.107.220,2025-11-03T18:39:33.935257,unknown,,AbuseLimitReachedForRun
1.83.125.100,2025-11-03T18:39:33.935259,unknown,,AbuseLimitReachedForRun
1.83.125.103,2025-11-03T18:39:33.935260,unknown,,AbuseLimitReachedForRun
1.83.125.106,2025-11-03T18:39:33.935262,unknown,,AbuseLimitReachedForRun
1.83.125.107,2025-11-03T18:39:33.935263,unknown,,AbuseLimitReachedForRun
1.83.125.110,2025-11-03T18:39:33.935264,unknown,,AbuseLimitReachedForRun
1.83.125.111,2025-11-03T18:39:33.935266,unknown,,AbuseLimitReachedForRun
1.83.125.113,2025-11-03T18:39:33.935267,unknown,,AbuseLimitReachedForRun
1.83.125.118,2025-11-03T18:39:33.935269,unknown,,AbuseLimitReachedForRun
1.83.125.120,2025-11-03T18:39:33.935270,unknown,,AbuseLimitReachedForRun
1.83.125.123,2025-11-03T18:39:33.935271,unknown,,AbuseLimitReachedForRun
1.83.125.126,2025-11-03T18:39:33.935273,unknown,,AbuseLimitReachedForRun
1.83.125.127,2025-11-03T18:39:33.935274,unknown,,AbuseLimitReachedForRun
1.83.125.129,2025-11-03T18:39:33.935276,unknown,,AbuseLimitReachedForRun
1.83.125.13,2025-11-03T18:39:33.935277,unknown,,AbuseLimitReachedForRun
1.83.125.131,2025-11-03T18:39:33.935279,unknown,,AbuseLimitReachedForRun
1.83.125.132,2025-11-03T18:39:33.935280,unknown,,AbuseLimitReachedForRun
1.83.125.133,2025-11-03T18:39:33.935281,unknown,,AbuseLimitReachedForRun
1.83.125.134,2025-11-03T18:39:33.935283,unknown,,AbuseLimitReachedForRun
1.83.125.135,2025-11-03T18:39:33.935291,unknown,,AbuseLimitReachedForRun
1.83.125.142,2025-11-03T18:39:33.935292,unknown,,AbuseLimitReachedForRun
1.83.125.144,2025-11-03T18:39:33.935294,unknown,,AbuseLimitReachedForRun
1.83.125.145,2025-11-03T18:39:33.935295,unknown,,AbuseLimitReachedForRun
1.83.125.146,2025-11-03T18:39:33.935297,unknown,,AbuseLimitReachedForRun
1.83.125.147,2025-11-03T18:39:33.935298,unknown,,AbuseLimitReachedForRun
1.83.125.149,2025-11-03T18:39:33.935300,unknown,,AbuseLimitReachedForRun
1.83.125.150,2025-11-03T18:39:33.935301,unknown,,AbuseLimitReachedForRun
1.83.125.152,2025-11-03T18:39:33.935303,unknown,,AbuseLimitReachedForRun
1.83.125.153,2025-11-03T18:39:33.935304,unknown,,AbuseLimitReachedForRun
1.83.125.154,2025-11-03T18:39:33.935306,unknown,,AbuseLimitReachedForRun
1.83.125.155,2025-11-03T18:39:33.935307,unknown,,AbuseLimitReachedForRun
1.83.125.157,2025-11-03T18:39:33.935308,unknown,,AbuseLimitReachedForRun
1.83.125.159,2025-11-03T18:39:33.935310,unknown,,AbuseLimitReachedForRun
1.83.125.16,2025-11-03T18:39:33.935311,unknown,,AbuseLimitReachedForRun
1.83.125.160,2025-11-03T18:39:33.935313,unknown,,AbuseLimitReachedForRun
1.83.125.161,2025-11-03T18:39:33.935314,unknown,,AbuseLimitReachedForRun
1.83.125.163,2025-11-03T18:39:33.935317,unknown,,AbuseLimitReachedForRun
1.83.125.164,2025-11-03T18:39:33.935318,unknown,,AbuseLimitReachedForRun
1.83.125.167,2025-11-03T18:39:33.935320,unknown,,AbuseLimitReachedForRun
1.83.125.168,2025-11-03T18:39:33.935321,unknown,,AbuseLimitReachedForRun
1.83.125.171,2025-11-03T18:39:33.935324,unknown,,AbuseLimitReachedForRun
1.83.125.172,2025-11-03T18:39:33.935328,unknown,,AbuseLimitReachedForRun
1.83.125.173,2025-11-03T18:39:33.935329,unknown,,AbuseLimitReachedForRun
1.83.125.175,2025-11-03T18:39:33.935330,unknown,,AbuseLimitReachedForRun
1.83.125.176,2025-11-03T18:39:33.935332,unknown,,AbuseLimitReachedForRun
1.83.125.177,2025-11-03T18:39:33.935333,unknown,,AbuseLimitReachedForRun
1.83.125.18,2025-11-03T18:39:33.935335,unknown,,AbuseLimitReachedForRun
1.83.125.182,2025-11-03T18:39:33.935336,unknown,,AbuseLimitReachedForRun
1.83.125.183,2025-11-03T18:39:33.935338,unknown,,AbuseLimitReachedForRun
1.83.125.184,2025-11-03T18:39:33.935339,unknown,,AbuseLimitReachedForRun
1.83.125.185,2025-11-03T18:39:33.935340,unknown,,AbuseLimitReachedForRun
1.83.125.188,2025-11-03T18:39:33.935342,unknown,,AbuseLimitReachedForRun
1.83.125.189,2025-11-03T18:39:33.935343,unknown,,AbuseLimitReachedForRun
1.83.125.190,2025-11-03T18:39:33.935345,unknown,,AbuseLimitReachedForRun
1.83.125.191,2025-11-03T18:39:33.935346,unknown,,AbuseLimitReachedForRun
1.83.125.194,2025-11-03T18:39:33.935348,unknown,,AbuseLimitReachedForRun
1.83.125.197,2025-11-03T18:39:33.935349,unknown,,AbuseLimitReachedForRun
1.83.125.198,2025-11-03T18:39:33.935350,unknown,,AbuseLimitReachedForRun
1.83.125.199,2025-11-03T18:39:33.935352,unknown,,AbuseLimitReachedForRun
1.83.125.2,2025-11-03T18:39:33.935353,unknown,,AbuseLimitReachedForRun
1.83.125.20,2025-11-03T18:39:33.935355,unknown,,AbuseLimitReachedForRun
1.83.125.200,2025-11-03T18:39:33.935356,unknown,,AbuseLimitReachedForRun
1.83.125.204,2025-11-03T18:39:33.935358,unknown,,AbuseLimitReachedForRun
1.83.125.206,2025-11-03T18:39:33.935359,unknown,,AbuseLimitReachedForRun
1.83.125.207,2025-11-03T18:39:33.935360,unknown,,AbuseLimitReachedForRun
1.83.125.208,2025-11-03T18:39:33.935363,unknown,,AbuseLimitReachedForRun
1.83.125.21,2025-11-03T18:39:33.935365,unknown,,AbuseLimitReachedForRun
1.83.125.211,2025-11-03T18:39:33.935366,unknown,,AbuseLimitReachedForRun
1.83.125.213,2025-11-03T18:39:33.935368,unknown,,AbuseLimitReachedForRun
1.83.125.214,2025-11-03T18:39:33.935369,unknown,,AbuseLimitReachedForRun
1.83.125.215,2025-11-03T18:39:33.935371,unknown,,AbuseLimitReachedForRun
1.83.125.218,2025-11-03T18:39:33.935372,unknown,,AbuseLimitReachedForRun
1.83.125.22,2025-11-03T18:39:33.935373,unknown,,AbuseLimitReachedForRun
1.83.125.220,2025-11-03T18:39:33.935375,unknown,,AbuseLimitReachedForRun
1.83.125.221,2025-11-03T18:39:33.935376,unknown,,AbuseLimitReachedForRun
1.83.125.223,2025-11-03T18:39:33.935378,unknown,,AbuseLimitReachedForRun
1.83.125.225,2025-11-03T18:39:33.935379,unknown,,AbuseLimitReachedForRun
1.83.125.228,2025-11-03T18:39:33.935380,unknown,,AbuseLimitReachedForRun
1.83.125.234,2025-11-03T18:39:33.935382,unknown,,AbuseLimitReachedForRun
1.83.125.236,2025-11-03T18:39:33.935384,unknown,,AbuseLimitReachedForRun
1.83.125.238,2025-11-03T18:39:33.935385,unknown,,AbuseLimitReachedForRun
1.83.125.24,2025-11-03T18:39:33.935387,unknown,,AbuseLimitReachedForRun
1.83.125.241,2025-11-03T18:39:33.935388,unknown,,AbuseLimitReachedForRun
1.83.125.244,2025-11-03T18:39:33.935389,unknown,,AbuseLimitReachedForRun
1.83.125.245,2025-11-03T18:39:33.935391,unknown,,AbuseLimitReachedForRun
1.83.125.247,2025-11-03T18:39:33.935392,unknown,,AbuseLimitReachedForRun
1.83.125.248,2025-11-03T18:39:33.935394,unknown,,AbuseLimitReachedForRun
1.83.125.249,2025-11-03T18:39:33.935395,unknown,,AbuseLimitReachedForRun
1.83.125.25,2025-11-03T18:39:33.935398,unknown,,AbuseLimitReachedForRun
1.83.125.251,2025-11-03T18:39:33.935400,unknown,,AbuseLimitReachedForRun
1.83.125.253,2025-11-03T18:39:33.935401,unknown,,AbuseLimitReachedForRun
1.83.125.254,2025-11-03T18:39:33.935404,unknown,,AbuseLimitReachedForRun
1.83.125.255,2025-11-03T18:39:33.935406,unknown,,AbuseLimitReachedForRun
1.83.125.26,2025-11-03T18:39:33.935407,unknown,,AbuseLimitReachedForRun
1.83.125.28,2025-11-03T18:39:33.935408,unknown,,AbuseLimitReachedForRun
1.83.125.3,2025-11-03T18:39:33.935410,unknown,,AbuseLimitReachedForRun
1.83.125.32,2025-11-03T18:39:33.935411,unknown,,AbuseLimitReachedForRun
1.83.125.34,2025-11-03T18:39:33.935413,unknown,,AbuseLimitReachedForRun
1.83.125.37,2025-11-03T18:39:33.935414,unknown,,AbuseLimitReachedForRun
1.83.125.39,2025-11-03T18:39:33.935415,unknown,,AbuseLimitReachedForRun
1.83.125.40,2025-11-03T18:39:33.935418,unknown,,AbuseLimitReachedForRun
1.83.125.43,2025-11-03T18:39:33.935420,unknown,,AbuseLimitReachedForRun
1.83.125.45,2025-11-03T18:39:33.935421,unknown,,AbuseLimitReachedForRun
1.83.125.48,2025-11-03T18:39:33.935423,unknown,,AbuseLimitReachedForRun
1.83.125.52,2025-11-03T18:39:33.935424,unknown,,AbuseLimitReachedForRun
1.83.125.53,2025-11-03T18:39:33.935426,unknown,,AbuseLimitReachedForRun
1.83.125.56,2025-11-03T18:39:33.935427,unknown,,AbuseLimitReachedForRun
1.83.125.58,2025-11-03T18:39:33.935428,unknown,,AbuseLimitReachedForRun
1.83.125.59,2025-11-03T18:39:33.935430,unknown,,AbuseLimitReachedForRun
1.83.125.6,2025-11-03T18:39:33.935431,unknown,,AbuseLimitReachedForRun
1.83.125.60,2025-11-03T18:39:33.935433,unknown,,AbuseLimitReachedForRun
1.83.125.61,2025-11-03T18:39:33.935436,unknown,,AbuseLimitReachedForRun
1.83.125.62,2025-11-03T18:39:33.935437,unknown,,AbuseLimitReachedForRun
1.83.125.66,2025-11-03T18:39:33.935439,unknown,,AbuseLimitReachedForRun
1.83.125.69,2025-11-03T18:39:33.935440,unknown,,AbuseLimitReachedForRun
1.83.125.70,2025-11-03T18:39:33.935442,unknown,,AbuseLimitReachedForRun
1.83.125.71,2025-11-03T18:39:33.935443,unknown,,AbuseLimitReachedForRun
1.83.125.79,2025-11-03T18:39:33.935444,unknown,,AbuseLimitReachedForRun
1.83.125.8,2025-11-03T18:39:33.935446,unknown,,AbuseLimitReachedForRun
1.83.125.81,2025-11-03T18:39:33.935447,unknown,,AbuseLimitReachedForRun
1.83.125.84,2025-11-03T18:39:33.935449,unknown,,AbuseLimitReachedForRun
1.83.125.87,2025-11-03T18:39:33.935450,unknown,,AbuseLimitReachedForRun
1.83.125.91,2025-11-03T18:39:33.935451,unknown,,AbuseLimitReachedForRun
1.83.125.92,2025-11-03T18:39:33.935453,unknown,,AbuseLimitReachedForRun
1.83.125.93,2025-11-03T18:39:33.935454,unknown,,AbuseLimitReachedForRun
1.83.125.96,2025-11-03T18:39:33.935456,unknown,,AbuseLimitReachedForRun
1.83.125.99,2025-11-03T18:39:33.935457,unknown,,AbuseLimitReachedForRun
1.85.216.143,2025-11-03T18:39:33.935458,unknown,,AbuseLimitReachedForRun
1.85.216.240,2025-11-03T18:39:33.935460,unknown,,AbuseLimitReachedForRun
1.85.216.84,2025-11-03T18:39:33.935461,unknown,,AbuseLimitReachedForRun
1.85.217.238,2025-11-03T18:39:33.935463,unknown,,AbuseLimitReachedForRun
1.85.217.29,2025-11-03T18:39:33.935464,unknown,,AbuseLimitReachedForRun
1.85.218.117,2025-11-03T18:39:33.935466,unknown,,AbuseLimitReachedForRun
1.85.218.201,2025-11-03T18:39:33.935469,unknown,,AbuseLimitReachedForRun
1.85.218.61,2025-11-03T18:39:33.935470,unknown,,AbuseLimitReachedForRun
1.85.218.8,2025-11-03T18:39:33.935472,unknown,,AbuseLimitReachedForRun
1.85.219.106,2025-11-03T18:39:33.935473,unknown,,AbuseLimitReachedForRun
1.85.219.137,2025-11-03T18:39:33.935474,unknown,,AbuseLimitReachedForRun
1.85.219.161,2025-11-03T18:39:33.935476,unknown,,AbuseLimitReachedForRun
1.85.219.167,2025-11-03T18:39:33.935477,unknown,,AbuseLimitReachedForRun
1.85.219.207,2025-11-03T18:39:33.935479,unknown,,AbuseLimitReachedForRun
1.85.219.29,2025-11-03T18:39:33.935480,unknown,,AbuseLimitReachedForRun
1.85.219.35,2025-11-03T18:39:33.935483,unknown,,AbuseLimitReachedForRun
1.85.219.74,2025-11-03T18:39:33.935485,unknown,,AbuseLimitReachedForRun
1.85.219.77,2025-11-03T18:39:33.935486,unknown,,AbuseLimitReachedForRun
1.85.219.99,2025-11-03T18:39:33.935488,unknown,,AbuseLimitReachedForRun
1.85.61.165,2025-11-03T18:39:33.935489,unknown,,AbuseLimitReachedForRun
1.92.107.96,2025-11-03T18:39:33.935491,unknown,,AbuseLimitReachedForRun
1.92.125.165,2025-11-03T18:39:33.935492,unknown,,AbuseLimitReachedForRun
1.92.157.217,2025-11-03T18:39:33.935494,unknown,,AbuseLimitReachedForRun
1.92.45.231,2025-11-03T18:39:33.935495,unknown,,AbuseLimitReachedForRun
1.92.80.190,2025-11-03T18:39:33.935496,unknown,,AbuseLimitReachedForRun
1.92.98.22,2025-11-03T18:39:33.935498,unknown,,AbuseLimitReachedForRun
1.94.112.53,2025-11-03T18:39:33.935499,unknown,,AbuseLimitReachedForRun
1.94.148.11,2025-11-03T18:39:33.935501,unknown,,AbuseLimitReachedForRun
1.94.150.208,2025-11-03T18:39:33.935502,unknown,,AbuseLimitReachedForRun
1.94.184.12,2025-11-03T18:39:33.935504,unknown,,AbuseLimitReachedForRun
1.94.30.121,2025-11-03T18:39:33.935507,unknown,,AbuseLimitReachedForRun
1.94.96.137,2025-11-03T18:39:33.935508,unknown,,AbuseLimitReachedForRun
1.95.170.196,2025-11-03T18:39:33.935510,unknown,,AbuseLimitReachedForRun
1.95.190.74,2025-11-03T18:39:33.935511,unknown,,AbuseLimitReachedForRun
1.95.51.249,2025-11-03T18:39:33.935512,unknown,,AbuseLimitReachedForRun
10.23.5.117104.234.32.113,2025-11-03T18:39:33.935514,unknown,,AbuseLimitReachedForRun
10.56.17.69,2025-11-03T18:39:33.935517,unknown,,AbuseLimitReachedForRun
10.98.10.151,2025-11-03T18:39:33.935519,unknown,,AbuseLimitReachedForRun
10.98.10.1561,2025-11-03T18:39:33.935520,unknown,,AbuseLimitReachedForRun
100.0.161.38,2025-11-03T18:39:33.935522,unknown,,AbuseLimitReachedForRun
100.14.83.251,2025-11-03T18:39:33.935523,unknown,,AbuseLimitReachedForRun
100.15.193.231,2025-11-03T18:39:33.935524,unknown,,AbuseLimitReachedForRun
100.2.113.82,2025-11-03T18:39:33.935526,unknown,,AbuseLimitReachedForRun
100.2.216.88,2025-11-03T18:39:33.935527,unknown,,AbuseLimitReachedForRun
100.33.48.53,2025-11-03T18:39:33.935529,unknown,,AbuseLimitReachedForRun
100.35.169.163,2025-11-03T18:39:33.935530,unknown,,AbuseLimitReachedForRun
100.42.178.193,2025-11-03T18:39:33.935532,unknown,,AbuseLimitReachedForRun
100.42.189.107,2025-11-03T18:39:33.935533,unknown,,AbuseLimitReachedForRun
101.100.160.82,2025-11-03T18:39:33.935534,unknown,,AbuseLimitReachedForRun
101.100.171.241,2025-11-03T18:39:33.935536,unknown,,AbuseLimitReachedForRun
101.100.174.185,2025-11-03T18:39:33.935537,unknown,,AbuseLimitReachedForRun
101.100.182.209,2025-11-03T18:39:33.935539,unknown,,AbuseLimitReachedForRun
101.108.106.137,2025-11-03T18:39:33.935540,unknown,,AbuseLimitReachedForRun
101.108.159.81,2025-11-03T18:39:33.935543,unknown,,AbuseLimitReachedForRun
101.108.50.179,2025-11-03T18:39:33.935545,unknown,,AbuseLimitReachedForRun
101.109.255.239,2025-11-03T18:39:33.935546,unknown,,AbuseLimitReachedForRun
101.124.0.149,2025-11-03T18:39:33.935547,unknown,,AbuseLimitReachedForRun
101.124.0.150,2025-11-03T18:39:33.935549,unknown,,AbuseLimitReachedForRun
101.124.0.151,2025-11-03T18:39:33.935550,unknown,,AbuseLimitReachedForRun
101.126.128.106,2025-11-03T18:39:33.935552,unknown,,AbuseLimitReachedForRun
101.126.133.170,2025-11-03T18:39:33.935553,unknown,,AbuseLimitReachedForRun
101.126.143.194,2025-11-03T18:39:33.935554,unknown,,AbuseLimitReachedForRun
101.126.146.53,2025-11-03T18:39:33.935556,unknown,,AbuseLimitReachedForRun
101.126.147.0,2025-11-03T18:39:33.935557,unknown,,AbuseLimitReachedForRun
101.126.149.19,2025-11-03T18:39:33.935559,unknown,,AbuseLimitReachedForRun
101.126.16.175,2025-11-03T18:39:33.935560,unknown,,AbuseLimitReachedForRun
101.126.21.119,2025-11-03T18:39:33.935562,unknown,,AbuseLimitReachedForRun
101.126.21.240,2025-11-03T18:39:33.935565,unknown,,AbuseLimitReachedForRun
101.126.21.63,2025-11-03T18:39:33.935566,unknown,,AbuseLimitReachedForRun
101.126.22.227,2025-11-03T18:39:33.935568,unknown,,AbuseLimitReachedForRun
101.126.31.21,2025-11-03T18:39:33.935569,unknown,,AbuseLimitReachedForRun
101.126.4.215,2025-11-03T18:39:33.935571,unknown,,AbuseLimitReachedForRun
101.126.4.240,2025-11-03T18:39:33.935572,unknown,,AbuseLimitReachedForRun
101.126.44.74,2025-11-03T18:39:33.935573,unknown,,AbuseLimitReachedForRun
101.126.5.109,2025-11-03T18:39:33.935575,unknown,,AbuseLimitReachedForRun
101.126.66.228,2025-11-03T18:39:33.935576,unknown,,AbuseLimitReachedForRun
101.126.66.68,2025-11-03T18:39:33.935579,unknown,,AbuseLimitReachedForRun
101.126.67.115,2025-11-03T18:39:33.935581,unknown,,AbuseLimitReachedForRun
101.126.79.151,2025-11-03T18:39:33.935582,unknown,,AbuseLimitReachedForRun
101.126.83.22,2025-11-03T18:39:33.935584,unknown,,AbuseLimitReachedForRun
101.126.88.14,2025-11-03T18:39:33.935585,unknown,,AbuseLimitReachedForRun
101.126.91.180,2025-11-03T18:39:33.935586,unknown,,AbuseLimitReachedForRun
101.126.93.113,2025-11-03T18:39:33.935588,unknown,,AbuseLimitReachedForRun
101.126.93.132,2025-11-03T18:39:33.935589,unknown,,AbuseLimitReachedForRun
101.127.143.15,2025-11-03T18:39:33.935591,unknown,,AbuseLimitReachedForRun
101.127.51.121,2025-11-03T18:39:33.935592,unknown,,AbuseLimitReachedForRun
101.128.160.78,2025-11-03T18:39:33.935593,unknown,,AbuseLimitReachedForRun
101.128.196.224,2025-11-03T18:39:33.935595,unknown,,AbuseLimitReachedForRun
101.128.198.16,2025-11-03T18:39:33.935597,unknown,,AbuseLimitReachedForRun
101.13.4.61,2025-11-03T18:39:33.935598,unknown,,AbuseLimitReachedForRun
101.132.112.65,2025-11-03T18:39:33.935600,unknown,,AbuseLimitReachedForRun
101.132.145.132,2025-11-03T18:39:33.935601,unknown,,AbuseLimitReachedForRun
101.132.251.163,2025-11-03T18:39:33.935602,unknown,,AbuseLimitReachedForRun
101.132.66.69,2025-11-03T18:39:33.935604,unknown,,AbuseLimitReachedForRun
101.132.67.67,2025-11-03T18:39:33.935605,unknown,,AbuseLimitReachedForRun
101.142.101.216,2025-11-03T18:39:33.935607,unknown,,AbuseLimitReachedForRun
101.16.112.177,2025-11-03T18:39:33.935608,unknown,,AbuseLimitReachedForRun
101.168.21.100,2025-11-03T18:39:33.935610,unknown,,AbuseLimitReachedForRun
101.168.22.68,2025-11-03T18:39:33.935613,unknown,,AbuseLimitReachedForRun
101.168.5.27,2025-11-03T18:39:33.935614,unknown,,AbuseLimitReachedForRun
101.168.52.168,2025-11-03T18:39:33.935617,unknown,,AbuseLimitReachedForRun
101.168.57.138,2025-11-03T18:39:33.935619,unknown,,AbuseLimitReachedForRun
101.17.54.221,2025-11-03T18:39:33.935620,unknown,,AbuseLimitReachedForRun
101.178.46.89,2025-11-03T18:39:33.935622,unknown,,AbuseLimitReachedForRun
101.200.132.39,2025-11-03T18:39:33.935623,unknown,,AbuseLimitReachedForRun
101.200.152.208,2025-11-03T18:39:33.935624,unknown,,AbuseLimitReachedForRun
101.200.167.176,2025-11-03T18:39:33.935626,unknown,,AbuseLimitReachedForRun
101.200.187.91,2025-11-03T18:39:33.935627,unknown,,AbuseLimitReachedForRun
101.200.198.59,2025-11-03T18:39:33.935629,unknown,,AbuseLimitReachedForRun
101.200.207.80,2025-11-03T18:39:33.935630,unknown,,AbuseLimitReachedForRun
101.200.209.238,2025-11-03T18:39:33.935631,unknown,,AbuseLimitReachedForRun
101.200.237.46,2025-11-03T18:39:33.935633,unknown,,AbuseLimitReachedForRun
101.200.243.197,2025-11-03T18:39:33.935634,unknown,,AbuseLimitReachedForRun
101.200.46.149,2025-11-03T18:39:33.935636,unknown,,AbuseLimitReachedForRun
101.201.103.42,2025-11-03T18:39:33.935637,unknown,,AbuseLimitReachedForRun
101.201.103.9,2025-11-03T18:39:33.935639,unknown,,AbuseLimitReachedForRun
101.201.148.63,2025-11-03T18:39:33.935640,unknown,,AbuseLimitReachedForRun
101.201.174.111,2025-11-03T18:39:33.935643,unknown,,AbuseLimitReachedForRun
101.201.212.110,2025-11-03T18:39:33.935645,unknown,,AbuseLimitReachedForRun
101.201.244.65,2025-11-03T18:39:33.935646,unknown,,AbuseLimitReachedForRun
101.201.38.226,2025-11-03T18:39:33.935648,unknown,,AbuseLimitReachedForRun
101.201.45.148,2025-11-03T18:39:33.935649,unknown,,AbuseLimitReachedForRun
101.201.67.22,2025-11-03T18:39:33.935652,unknown,,AbuseLimitReachedForRun
101.201.71.62,2025-11-03T18:39:33.935653,unknown,,AbuseLimitReachedForRun
101.201.80.108,2025-11-03T18:39:33.935655,unknown,,AbuseLimitReachedForRun
101.201.81.127,2025-11-03T18:39:33.935656,unknown,,AbuseLimitReachedForRun
101.202.25.150,2025-11-03T18:39:33.935658,unknown,,AbuseLimitReachedForRun
101.204.125.154,2025-11-03T18:39:33.935659,unknown,,AbuseLimitReachedForRun
101.204.208.179,2025-11-03T18:39:33.935661,unknown,,AbuseLimitReachedForRun
101.204.251.226,2025-11-03T18:39:33.935662,unknown,,AbuseLimitReachedForRun
101.204.251.228,2025-11-03T18:39:33.935663,unknown,,AbuseLimitReachedForRun
101.204.251.229,2025-11-03T18:39:33.935665,unknown,,AbuseLimitReachedForRun
101.204.251.230,2025-11-03T18:39:33.935666,unknown,,AbuseLimitReachedForRun
101.204.251.231,2025-11-03T18:39:33.935668,unknown,,AbuseLimitReachedForRun
101.204.40.143,2025-11-03T18:39:33.935669,unknown,,AbuseLimitReachedForRun
101.204.41.148,2025-11-03T18:39:33.935671,unknown,,AbuseLimitReachedForRun
101.204.41.228,2025-11-03T18:39:33.935672,unknown,,AbuseLimitReachedForRun
101.204.41.33,2025-11-03T18:39:33.935673,unknown,,AbuseLimitReachedForRun
101.204.41.55,2025-11-03T18:39:33.935675,unknown,,AbuseLimitReachedForRun
101.204.42.123,2025-11-03T18:39:33.935676,unknown,,AbuseLimitReachedForRun
101.204.42.2,2025-11-03T18:39:33.935678,unknown,,AbuseLimitReachedForRun
101.204.42.224,2025-11-03T18:39:33.935679,unknown,,AbuseLimitReachedForRun
101.204.42.235,2025-11-03T18:39:33.935680,unknown,,AbuseLimitReachedForRun
101.204.42.50,2025-11-03T18:39:33.935682,unknown,,AbuseLimitReachedForRun
101.204.43.156,2025-11-03T18:39:33.935683,unknown,,AbuseLimitReachedForRun
101.204.43.95,2025-11-03T18:39:33.935686,unknown,,AbuseLimitReachedForRun
101.204.56.100,2025-11-03T18:39:33.935688,unknown,,AbuseLimitReachedForRun
101.204.56.105,2025-11-03T18:39:33.935689,unknown,,AbuseLimitReachedForRun
101.204.56.106,2025-11-03T18:39:33.935691,unknown,,AbuseLimitReachedForRun
101.204.56.110,2025-11-03T18:39:33.935692,unknown,,AbuseLimitReachedForRun
101.204.56.113,2025-11-03T18:39:33.935694,unknown,,AbuseLimitReachedForRun
101.204.56.127,2025-11-03T18:39:33.935695,unknown,,AbuseLimitReachedForRun
101.204.56.145,2025-11-03T18:39:33.935696,unknown,,AbuseLimitReachedForRun
101.204.56.150,2025-11-03T18:39:33.935698,unknown,,AbuseLimitReachedForRun
101.204.56.192,2025-11-03T18:39:33.935699,unknown,,AbuseLimitReachedForRun
101.204.56.204,2025-11-03T18:39:33.935701,unknown,,AbuseLimitReachedForRun
101.204.56.216,2025-11-03T18:39:33.935702,unknown,,AbuseLimitReachedForRun
101.204.56.225,2025-11-03T18:39:33.935704,unknown,,AbuseLimitReachedForRun
101.204.56.45,2025-11-03T18:39:33.935705,unknown,,AbuseLimitReachedForRun
101.204.56.59,2025-11-03T18:39:33.935706,unknown,,AbuseLimitReachedForRun
101.204.56.61,2025-11-03T18:39:33.935708,unknown,,AbuseLimitReachedForRun
101.204.56.8,2025-11-03T18:39:33.935709,unknown,,AbuseLimitReachedForRun
101.204.56.88,2025-11-03T18:39:33.935711,unknown,,AbuseLimitReachedForRun
101.206.211.7,2025-11-03T18:39:33.935712,unknown,,AbuseLimitReachedForRun
101.207.26.63,2025-11-03T18:39:33.935715,unknown,,AbuseLimitReachedForRun
101.227.230.139,2025-11-03T18:39:33.935717,unknown,,AbuseLimitReachedForRun
101.227.48.43,2025-11-03T18:39:33.935718,unknown,,AbuseLimitReachedForRun
101.227.51.163,2025-11-03T18:39:33.935720,unknown,,AbuseLimitReachedForRun
101.227.54.119,2025-11-03T18:39:33.935725,unknown,,AbuseLimitReachedForRun
101.230.218.117,2025-11-03T18:39:33.935726,unknown,,AbuseLimitReachedForRun
101.231.133.210,2025-11-03T18:39:33.935727,unknown,,AbuseLimitReachedForRun
101.251.197.46,2025-11-03T18:39:33.935729,unknown,,AbuseLimitReachedForRun
101.251.215.142,2025-11-03T18:39:33.935730,unknown,,AbuseLimitReachedForRun
101.33.118.86,2025-11-03T18:39:33.935732,unknown,,AbuseLimitReachedForRun
101.33.224.81,2025-11-03T18:39:33.935733,unknown,,AbuseLimitReachedForRun
101.33.55.204,2025-11-03T18:39:33.935735,unknown,,AbuseLimitReachedForRun
101.33.66.34,2025-11-03T18:39:33.935736,unknown,,AbuseLimitReachedForRun
101.34.66.83,2025-11-03T18:39:33.935737,unknown,,AbuseLimitReachedForRun
101.35.103.64,2025-11-03T18:39:33.935739,unknown,,AbuseLimitReachedForRun
101.35.112.170,2025-11-03T18:39:33.935740,unknown,,AbuseLimitReachedForRun
101.36.102.26,2025-11-03T18:39:33.935742,unknown,,AbuseLimitReachedForRun
101.36.105.121,2025-11-03T18:39:33.935743,unknown,,AbuseLimitReachedForRun
101.36.106.134,2025-11-03T18:39:33.935745,unknown,,AbuseLimitReachedForRun
101.36.106.178,2025-11-03T18:39:33.935746,unknown,,AbuseLimitReachedForRun
101.36.106.78,2025-11-03T18:39:33.935747,unknown,,AbuseLimitReachedForRun
101.36.106.89,2025-11-03T18:39:33.935749,unknown,,AbuseLimitReachedForRun
101.36.107.243,2025-11-03T18:39:33.935750,unknown,,AbuseLimitReachedForRun
101.36.107.65,2025-11-03T18:39:33.935752,unknown,,AbuseLimitReachedForRun
101.36.108.133,2025-11-03T18:39:33.935753,unknown,,AbuseLimitReachedForRun
101.36.108.134,2025-11-03T18:39:33.935754,unknown,,AbuseLimitReachedForRun
101.36.108.158,2025-11-03T18:39:33.935757,unknown,,AbuseLimitReachedForRun
101.36.108.175,2025-11-03T18:39:33.935759,unknown,,AbuseLimitReachedForRun
101.36.108.191,2025-11-03T18:39:33.935760,unknown,,AbuseLimitReachedForRun
101.36.108.9,2025-11-03T18:39:33.935762,unknown,,AbuseLimitReachedForRun
101.36.109.4,2025-11-03T18:39:33.935763,unknown,,AbuseLimitReachedForRun
101.36.110.201,2025-11-03T18:39:33.935765,unknown,,AbuseLimitReachedForRun
101.36.112.101,2025-11-03T18:39:33.935766,unknown,,AbuseLimitReachedForRun
101.36.114.124,2025-11-03T18:39:33.935767,unknown,,AbuseLimitReachedForRun
101.36.114.198,2025-11-03T18:39:33.935769,unknown,,AbuseLimitReachedForRun
101.36.114.209,2025-11-03T18:39:33.935770,unknown,,AbuseLimitReachedForRun
101.36.114.222,2025-11-03T18:39:33.935781,unknown,,AbuseLimitReachedForRun
101.36.114.252,2025-11-03T18:39:33.935783,unknown,,AbuseLimitReachedForRun
101.36.114.254,2025-11-03T18:39:33.935784,unknown,,AbuseLimitReachedForRun
101.36.116.45,2025-11-03T18:39:33.935785,unknown,,AbuseLimitReachedForRun
101.36.117.15,2025-11-03T18:39:33.935787,unknown,,AbuseLimitReachedForRun
101.36.118.148,2025-11-03T18:39:33.935788,unknown,,AbuseLimitReachedForRun
101.36.118.248,2025-11-03T18:39:33.935790,unknown,,AbuseLimitReachedForRun
101.36.118.37,2025-11-03T18:39:33.935791,unknown,,AbuseLimitReachedForRun
101.36.118.38,2025-11-03T18:39:33.935793,unknown,,AbuseLimitReachedForRun
101.36.118.47,2025-11-03T18:39:33.935794,unknown,,AbuseLimitReachedForRun
101.36.119.146,2025-11-03T18:39:33.935795,unknown,,AbuseLimitReachedForRun
101.36.121.109,2025-11-03T18:39:33.935797,unknown,,AbuseLimitReachedForRun
101.36.121.4,2025-11-03T18:39:33.935798,unknown,,AbuseLimitReachedForRun
101.36.121.72,2025-11-03T18:39:33.935800,unknown,,AbuseLimitReachedForRun
101.36.121.88,2025-11-03T18:39:33.935803,unknown,,AbuseLimitReachedForRun
101.36.122.183,2025-11-03T18:39:33.935804,unknown,,AbuseLimitReachedForRun
101.36.122.5,2025-11-03T18:39:33.935806,unknown,,AbuseLimitReachedForRun
101.36.122.66,2025-11-03T18:39:33.935807,unknown,,AbuseLimitReachedForRun
101.36.123.102,2025-11-03T18:39:33.935809,unknown,,AbuseLimitReachedForRun
101.36.123.67,2025-11-03T18:39:33.935812,unknown,,AbuseLimitReachedForRun
101.36.124.220,2025-11-03T18:39:33.935813,unknown,,AbuseLimitReachedForRun
101.36.125.183,2025-11-03T18:39:33.935815,unknown,,AbuseLimitReachedForRun
101.36.127.24,2025-11-03T18:39:33.935816,unknown,,AbuseLimitReachedForRun
101.36.127.85,2025-11-03T18:39:33.935817,unknown,,AbuseLimitReachedForRun
101.36.97.131,2025-11-03T18:39:33.935819,unknown,,AbuseLimitReachedForRun
101.36.97.172,2025-11-03T18:39:33.935820,unknown,,AbuseLimitReachedForRun
101.36.97.187,2025-11-03T18:39:33.935822,unknown,,AbuseLimitReachedForRun
101.36.97.205,2025-11-03T18:39:33.935823,unknown,,AbuseLimitReachedForRun
101.36.97.70,2025-11-03T18:39:33.935826,unknown,,AbuseLimitReachedForRun
101.36.97.74,2025-11-03T18:39:33.935828,unknown,,AbuseLimitReachedForRun
101.36.97.80,2025-11-03T18:39:33.935829,unknown,,AbuseLimitReachedForRun
101.36.97.88,2025-11-03T18:39:33.935831,unknown,,AbuseLimitReachedForRun
101.37.104.199,2025-11-03T18:39:33.935832,unknown,,AbuseLimitReachedForRun
101.37.105.53,2025-11-03T18:39:33.935834,unknown,,AbuseLimitReachedForRun
101.37.15.239,2025-11-03T18:39:33.935835,unknown,,AbuseLimitReachedForRun
101.37.152.211,2025-11-03T18:39:33.935836,unknown,,AbuseLimitReachedForRun
101.37.161.39,2025-11-03T18:39:33.935838,unknown,,AbuseLimitReachedForRun
101.37.163.104,2025-11-03T18:39:33.935841,unknown,,AbuseLimitReachedForRun
101.37.172.117,2025-11-03T18:39:33.935842,unknown,,AbuseLimitReachedForRun
101.37.172.131,2025-11-03T18:39:33.935844,unknown,,AbuseLimitReachedForRun
101.37.245.229,2025-11-03T18:39:33.935845,unknown,,AbuseLimitReachedForRun
101.37.255.25,2025-11-03T18:39:33.935847,unknown,,AbuseLimitReachedForRun
101.37.26.210,2025-11-03T18:39:33.935848,unknown,,AbuseLimitReachedForRun
101.37.85.27,2025-11-03T18:39:33.935849,unknown,,AbuseLimitReachedForRun
101.39.204.118,2025-11-03T18:39:33.935851,unknown,,AbuseLimitReachedForRun
101.39.241.220,2025-11-03T18:39:33.935852,unknown,,AbuseLimitReachedForRun
101.42.103.136,2025-11-03T18:39:33.935854,unknown,,AbuseLimitReachedForRun
101.42.13.27,2025-11-03T18:39:33.935855,unknown,,AbuseLimitReachedForRun
101.42.154.133,2025-11-03T18:39:33.935856,unknown,,AbuseLimitReachedForRun
101.42.162.138,2025-11-03T18:39:33.935858,unknown,,AbuseLimitReachedForRun
101.42.172.99,2025-11-03T18:39:33.935859,unknown,,AbuseLimitReachedForRun
101.43.107.48,2025-11-03T18:39:33.935861,unknown,,AbuseLimitReachedForRun
101.43.175.48,2025-11-03T18:39:33.935862,unknown,,AbuseLimitReachedForRun
101.43.236.208,2025-11-03T18:39:33.935863,unknown,,AbuseLimitReachedForRun
101.43.34.129,2025-11-03T18:39:33.935865,unknown,,AbuseLimitReachedForRun
101.43.5.247,2025-11-03T18:39:33.935867,unknown,,AbuseLimitReachedForRun
101.43.56.233,2025-11-03T18:39:33.935868,unknown,,AbuseLimitReachedForRun
101.43.57.39,2025-11-03T18:39:33.935870,unknown,,AbuseLimitReachedForRun
101.43.6.97,2025-11-03T18:39:33.935871,unknown,,AbuseLimitReachedForRun
101.43.63.72,2025-11-03T18:39:33.935873,unknown,,AbuseLimitReachedForRun
101.43.64.19,2025-11-03T18:39:33.935876,unknown,,AbuseLimitReachedForRun
101.44.163.208,2025-11-03T18:39:33.935877,unknown,,AbuseLimitReachedForRun
101.44.2.11,2025-11-03T18:39:33.935879,unknown,,AbuseLimitReachedForRun
101.44.2.135,2025-11-03T18:39:33.935880,unknown,,AbuseLimitReachedForRun
101.47.171.217,2025-11-03T18:39:33.935881,unknown,,AbuseLimitReachedForRun
101.47.67.128,2025-11-03T18:39:33.935883,unknown,,AbuseLimitReachedForRun
101.47.73.217,2025-11-03T18:39:33.935884,unknown,,AbuseLimitReachedForRun
101.50.86.10,2025-11-03T18:39:33.935886,unknown,,AbuseLimitReachedForRun
101.53.236.209,2025-11-03T18:39:33.935887,unknown,,AbuseLimitReachedForRun
101.58.212.169,2025-11-03T18:39:33.935889,unknown,,AbuseLimitReachedForRun
101.64.140.129,2025-11-03T18:39:33.935890,unknown,,AbuseLimitReachedForRun
101.64.141.26,2025-11-03T18:39:33.935893,unknown,,AbuseLimitReachedForRun
101.65.131.72,2025-11-03T18:39:33.935895,unknown,,AbuseLimitReachedForRun
101.66.172.251,2025-11-03T18:39:33.935896,unknown,,AbuseLimitReachedForRun
101.67.136.219,2025-11-03T18:39:33.935898,unknown,,AbuseLimitReachedForRun
101.67.137.172,2025-11-03T18:39:33.935899,unknown,,AbuseLimitReachedForRun
101.67.137.18,2025-11-03T18:39:33.935906,unknown,,AbuseLimitReachedForRun
101.67.137.47,2025-11-03T18:39:33.935908,unknown,,AbuseLimitReachedForRun
101.67.138.91,2025-11-03T18:39:33.935909,unknown,,AbuseLimitReachedForRun
101.67.139.106,2025-11-03T18:39:33.935911,unknown,,AbuseLimitReachedForRun
101.68.4.183,2025-11-03T18:39:33.935912,unknown,,AbuseLimitReachedForRun
101.68.46.162,2025-11-03T18:39:33.935913,unknown,,AbuseLimitReachedForRun
101.68.46.33,2025-11-03T18:39:33.935921,unknown,,AbuseLimitReachedForRun
101.68.50.209,2025-11-03T18:39:33.935922,unknown,,AbuseLimitReachedForRun
101.68.51.211,2025-11-03T18:39:33.935923,unknown,,AbuseLimitReachedForRun
101.68.51.46,2025-11-03T18:39:33.935925,unknown,,AbuseLimitReachedForRun
101.68.6.80,2025-11-03T18:39:33.935926,unknown,,AbuseLimitReachedForRun
101.68.6.83,2025-11-03T18:39:33.935928,unknown,,AbuseLimitReachedForRun
101.68.7.130,2025-11-03T18:39:33.935929,unknown,,AbuseLimitReachedForRun
101.68.7.146,2025-11-03T18:39:33.935931,unknown,,AbuseLimitReachedForRun
101.68.7.240,2025-11-03T18:39:33.935932,unknown,,AbuseLimitReachedForRun
101.70.100.20,2025-11-03T18:39:33.935935,unknown,,AbuseLimitReachedForRun
101.70.104.114,2025-11-03T18:39:33.935936,unknown,,AbuseLimitReachedForRun
101.70.104.245,2025-11-03T18:39:33.935938,unknown,,AbuseLimitReachedForRun
101.71.130.99,2025-11-03T18:39:33.935939,unknown,,AbuseLimitReachedForRun
101.71.143.135,2025-11-03T18:39:33.935941,unknown,,AbuseLimitReachedForRun
101.71.210.83,2025-11-03T18:39:33.935942,unknown,,AbuseLimitReachedForRun
101.71.221.58,2025-11-03T18:39:33.935944,unknown,,AbuseLimitReachedForRun
101.71.250.197,2025-11-03T18:39:33.935945,unknown,,AbuseLimitReachedForRun
101.71.37.66,2025-11-03T18:39:33.935946,unknown,,AbuseLimitReachedForRun
101.71.38.198,2025-11-03T18:39:33.935948,unknown,,AbuseLimitReachedForRun
101.71.47.82,2025-11-03T18:39:33.935949,unknown,,AbuseLimitReachedForRun
101.71.72.249,2025-11-03T18:39:33.935951,unknown,,AbuseLimitReachedForRun
101.76.204.137,2025-11-03T18:39:33.935952,unknown,,AbuseLimitReachedForRun
101.76.205.142,2025-11-03T18:39:33.935954,unknown,,AbuseLimitReachedForRun
101.78.214.242,2025-11-03T18:39:33.935955,unknown,,AbuseLimitReachedForRun
101.80.230.81,2025-11-03T18:39:33.935958,unknown,,AbuseLimitReachedForRun
101.85.142.224,2025-11-03T18:39:33.935960,unknown,,AbuseLimitReachedForRun
101.87.44.144,2025-11-03T18:39:33.935961,unknown,,AbuseLimitReachedForRun
101.89.148.206,2025-11-03T18:39:33.935962,unknown,,AbuseLimitReachedForRun
101.89.148.7,2025-11-03T18:39:33.935964,unknown,,AbuseLimitReachedForRun
101.89.166.220,2025-11-03T18:39:33.935965,unknown,,AbuseLimitReachedForRun
101.89.174.236,2025-11-03T18:39:33.935967,unknown,,AbuseLimitReachedForRun
101.89.190.216,2025-11-03T18:39:33.935968,unknown,,AbuseLimitReachedForRun
101.89.209.113,2025-11-03T18:39:33.935969,unknown,,AbuseLimitReachedForRun
101.89.210.168,2025-11-03T18:39:33.935971,unknown,,AbuseLimitReachedForRun
101.89.213.14,2025-11-03T18:39:33.935972,unknown,,AbuseLimitReachedForRun
101.91.114.194,2025-11-03T18:39:33.935973,unknown,,AbuseLimitReachedForRun
101.91.148.86,2025-11-03T18:39:33.935975,unknown,,AbuseLimitReachedForRun
101.91.157.239,2025-11-03T18:39:33.935976,unknown,,AbuseLimitReachedForRun
101.91.181.235,2025-11-03T18:39:33.935977,unknown,,AbuseLimitReachedForRun
101.91.192.9,2025-11-03T18:39:33.935981,unknown,,AbuseLimitReachedForRun
101.91.208.44,2025-11-03T18:39:33.935983,unknown,,AbuseLimitReachedForRun
101.91.236.222,2025-11-03T18:39:33.935984,unknown,,AbuseLimitReachedForRun
101.95.153.214,2025-11-03T18:39:33.935985,unknown,,AbuseLimitReachedForRun
101.96.113.249,2025-11-03T18:39:33.935987,unknown,,AbuseLimitReachedForRun
101.96.119.195,2025-11-03T18:39:33.935988,unknown,,AbuseLimitReachedForRun
101.98.136.163,2025-11-03T18:39:33.935989,unknown,,AbuseLimitReachedForRun
102.117.162.60,2025-11-03T18:39:33.935991,unknown,,AbuseLimitReachedForRun
102.129.252.250,2025-11-03T18:39:33.935994,unknown,,AbuseLimitReachedForRun
102.130.125.60,2025-11-03T18:39:33.935995,unknown,,AbuseLimitReachedForRun
102.130.49.197,2025-11-03T18:39:33.935996,unknown,,AbuseLimitReachedForRun
102.131.57.81,2025-11-03T18:39:33.935998,unknown,,AbuseLimitReachedForRun
102.165.46.208,2025-11-03T18:39:33.935999,unknown,,AbuseLimitReachedForRun
102.176.180.202,2025-11-03T18:39:33.936000,unknown,,AbuseLimitReachedForRun
102.177.171.180,2025-11-03T18:39:33.936002,unknown,,AbuseLimitReachedForRun
102.207.208.9,2025-11-03T18:39:33.936003,unknown,,AbuseLimitReachedForRun
102.207.61.194,2025-11-03T18:39:33.936004,unknown,,AbuseLimitReachedForRun
102.211.152.45,2025-11-03T18:39:33.936006,unknown,,AbuseLimitReachedForRun
102.211.209.140,2025-11-03T18:39:33.936007,unknown,,AbuseLimitReachedForRun
102.211.232.63,2025-11-03T18:39:33.936008,unknown,,AbuseLimitReachedForRun
102.212.216.145,2025-11-03T18:39:33.936010,unknown,,AbuseLimitReachedForRun
102.212.216.147,2025-11-03T18:39:33.936011,unknown,,AbuseLimitReachedForRun
102.212.31.251,2025-11-03T18:39:33.936013,unknown,,AbuseLimitReachedForRun
102.212.40.100,2025-11-03T18:39:33.936014,unknown,,AbuseLimitReachedForRun
102.212.40.115,2025-11-03T18:39:33.936015,unknown,,AbuseLimitReachedForRun
102.212.40.117,2025-11-03T18:39:33.936016,unknown,,AbuseLimitReachedForRun
102.212.40.119,2025-11-03T18:39:33.936018,unknown,,AbuseLimitReachedForRun
102.212.40.120,2025-11-03T18:39:33.936019,unknown,,AbuseLimitReachedForRun
102.212.40.122,2025-11-03T18:39:33.936020,unknown,,AbuseLimitReachedForRun
102.212.40.123,2025-11-03T18:39:33.936022,unknown,,AbuseLimitReachedForRun
102.212.40.124,2025-11-03T18:39:33.936023,unknown,,AbuseLimitReachedForRun
102.212.40.131,2025-11-03T18:39:33.936026,unknown,,AbuseLimitReachedForRun
102.212.40.137,2025-11-03T18:39:33.936027,unknown,,AbuseLimitReachedForRun
102.212.40.139,2025-11-03T18:39:33.936029,unknown,,AbuseLimitReachedForRun
102.212.40.177,2025-11-03T18:39:33.936032,unknown,,AbuseLimitReachedForRun
102.212.41.38,2025-11-03T18:39:33.936034,unknown,,AbuseLimitReachedForRun
102.216.144.69,2025-11-03T18:39:33.936035,unknown,,AbuseLimitReachedForRun
102.216.169.161,2025-11-03T18:39:33.936036,unknown,,AbuseLimitReachedForRun
102.216.33.235,2025-11-03T18:39:33.936038,unknown,,AbuseLimitReachedForRun
102.219.85.77,2025-11-03T18:39:33.936039,unknown,,AbuseLimitReachedForRun
102.22.209.172,2025-11-03T18:39:33.936040,unknown,,AbuseLimitReachedForRun
102.22.209.43,2025-11-03T18:39:33.936042,unknown,,AbuseLimitReachedForRun
102.22.211.123,2025-11-03T18:39:33.936043,unknown,,AbuseLimitReachedForRun
102.22.212.117,2025-11-03T18:39:33.936044,unknown,,AbuseLimitReachedForRun
102.22.212.197,2025-11-03T18:39:33.936046,unknown,,AbuseLimitReachedForRun
102.22.213.253,2025-11-03T18:39:33.936047,unknown,,AbuseLimitReachedForRun
102.22.214.105,2025-11-03T18:39:33.936048,unknown,,AbuseLimitReachedForRun
102.22.65.195,2025-11-03T18:39:33.936050,unknown,,AbuseLimitReachedForRun
102.22.81.180,2025-11-03T18:39:33.936051,unknown,,AbuseLimitReachedForRun
102.220.173.36,2025-11-03T18:39:33.936052,unknown,,AbuseLimitReachedForRun
102.221.44.55,2025-11-03T18:39:33.936054,unknown,,AbuseLimitReachedForRun
102.221.45.242,2025-11-03T18:39:33.936057,unknown,,AbuseLimitReachedForRun
102.223.154.170,2025-11-03T18:39:33.936058,unknown,,AbuseLimitReachedForRun
102.23.204.124,2025-11-03T18:39:33.936061,unknown,,AbuseLimitReachedForRun
102.31.165.227,2025-11-03T18:39:33.936062,unknown,,AbuseLimitReachedForRun
102.46.126.45,2025-11-03T18:39:33.936064,unknown,,AbuseLimitReachedForRun
102.89.5.246,2025-11-03T18:39:33.936065,unknown,,AbuseLimitReachedForRun
102.90.16.90,2025-11-03T18:39:33.936066,unknown,,AbuseLimitReachedForRun
103.100.208.6,2025-11-03T18:39:33.936068,unknown,,AbuseLimitReachedForRun
103.100.210.79,2025-11-03T18:39:33.936069,unknown,,AbuseLimitReachedForRun
103.100.211.116,2025-11-03T18:39:33.936070,unknown,,AbuseLimitReachedForRun
103.101.109.196,2025-11-03T18:39:33.936072,unknown,,AbuseLimitReachedForRun
103.101.83.5,2025-11-03T18:39:33.936073,unknown,,AbuseLimitReachedForRun
103.102.228.23,2025-11-03T18:39:33.936074,unknown,,AbuseLimitReachedForRun
103.102.230.2,2025-11-03T18:39:33.936076,unknown,,AbuseLimitReachedForRun
103.102.230.3,2025-11-03T18:39:33.936077,unknown,,AbuseLimitReachedForRun
103.102.230.4,2025-11-03T18:39:33.936078,unknown,,AbuseLimitReachedForRun
103.102.230.5,2025-11-03T18:39:33.936080,unknown,,AbuseLimitReachedForRun
103.102.230.6,2025-11-03T18:39:33.936081,unknown,,AbuseLimitReachedForRun
103.102.56.169,2025-11-03T18:39:33.936082,unknown,,AbuseLimitReachedForRun
103.104.73.211,2025-11-03T18:39:33.936084,unknown,,AbuseLimitReachedForRun
103.105.201.155,2025-11-03T18:39:33.936085,unknown,,AbuseLimitReachedForRun
103.105.208.136,2025-11-03T18:39:33.936086,unknown,,AbuseLimitReachedForRun
103.105.67.170,2025-11-03T18:39:33.936088,unknown,,AbuseLimitReachedForRun
103.106.136.246,2025-11-03T18:39:33.936089,unknown,,AbuseLimitReachedForRun
103.106.32.108,2025-11-03T18:39:33.936090,unknown,,AbuseLimitReachedForRun
103.107.236.102,2025-11-03T18:39:33.936092,unknown,,AbuseLimitReachedForRun
103.107.245.45,2025-11-03T18:39:33.936095,unknown,,AbuseLimitReachedForRun
103.107.97.234,2025-11-03T18:39:33.936096,unknown,,AbuseLimitReachedForRun
103.107.97.238,2025-11-03T18:39:33.936097,unknown,,AbuseLimitReachedForRun
103.108.67.31,2025-11-03T18:39:33.936099,unknown,,AbuseLimitReachedForRun
103.109.137.10,2025-11-03T18:39:33.936100,unknown,,AbuseLimitReachedForRun
103.109.187.192,2025-11-03T18:39:33.936101,unknown,,AbuseLimitReachedForRun
103.109.72.55,2025-11-03T18:39:33.936103,unknown,,AbuseLimitReachedForRun
103.111.111.150,2025-11-03T18:39:33.936104,unknown,,AbuseLimitReachedForRun
103.111.227.12,2025-11-03T18:39:33.936105,unknown,,AbuseLimitReachedForRun
103.112.173.102,2025-11-03T18:39:33.936107,unknown,,AbuseLimitReachedForRun
103.112.213.190,2025-11-03T18:39:33.936108,unknown,,AbuseLimitReachedForRun
103.112.239.202,2025-11-03T18:39:33.936109,unknown,,AbuseLimitReachedForRun
103.112.54.122,2025-11-03T18:39:33.936111,unknown,,AbuseLimitReachedForRun
103.112.54.179,2025-11-03T18:39:33.936112,unknown,,AbuseLimitReachedForRun
103.112.54.53,2025-11-03T18:39:33.936113,unknown,,AbuseLimitReachedForRun
103.113.105.228,2025-11-03T18:39:33.936115,unknown,,AbuseLimitReachedForRun
103.113.12.112,2025-11-03T18:39:33.936116,unknown,,AbuseLimitReachedForRun
103.114.105.4,2025-11-03T18:39:33.936117,unknown,,AbuseLimitReachedForRun
103.114.107.59,2025-11-03T18:39:33.936119,unknown,,AbuseLimitReachedForRun
103.115.196.51,2025-11-03T18:39:33.936120,unknown,,AbuseLimitReachedForRun
103.115.197.208,2025-11-03T18:39:33.936121,unknown,,AbuseLimitReachedForRun
103.115.197.212,2025-11-03T18:39:33.936124,unknown,,AbuseLimitReachedForRun
103.115.197.213,2025-11-03T18:39:33.936126,unknown,,AbuseLimitReachedForRun
103.115.197.214,2025-11-03T18:39:33.936129,unknown,,AbuseLimitReachedForRun
103.115.197.215,2025-11-03T18:39:33.936130,unknown,,AbuseLimitReachedForRun
103.115.48.40,2025-11-03T18:39:33.936133,unknown,,AbuseLimitReachedForRun
103.116.104.253,2025-11-03T18:39:33.936134,unknown,,AbuseLimitReachedForRun
103.116.52.51,2025-11-03T18:39:33.936136,unknown,,AbuseLimitReachedForRun
103.116.84.189,2025-11-03T18:39:33.936137,unknown,,AbuseLimitReachedForRun
103.117.123.222,2025-11-03T18:39:33.936138,unknown,,AbuseLimitReachedForRun
103.117.56.0,2025-11-03T18:39:33.936140,unknown,,AbuseLimitReachedForRun
103.118.174.25,2025-11-03T18:39:33.936141,unknown,,AbuseLimitReachedForRun
103.118.19.110,2025-11-03T18:39:33.936142,unknown,,AbuseLimitReachedForRun
103.118.19.251,2025-11-03T18:39:33.936144,unknown,,AbuseLimitReachedForRun
103.118.40.48,2025-11-03T18:39:33.936145,unknown,,AbuseLimitReachedForRun
103.119.153.187,2025-11-03T18:39:33.936146,unknown,,AbuseLimitReachedForRun
103.120.133.139,2025-11-03T18:39:33.936148,unknown,,AbuseLimitReachedForRun
103.120.134.163,2025-11-03T18:39:33.936149,unknown,,AbuseLimitReachedForRun
103.120.190.219,2025-11-03T18:39:33.936150,unknown,,AbuseLimitReachedForRun
103.120.191.131,2025-11-03T18:39:33.936151,unknown,,AbuseLimitReachedForRun
103.121.154.105,2025-11-03T18:39:33.936153,unknown,,AbuseLimitReachedForRun
103.121.194.23,2025-11-03T18:39:33.936154,unknown,,AbuseLimitReachedForRun
103.121.4.50,2025-11-03T18:39:33.936155,unknown,,AbuseLimitReachedForRun
103.121.90.95,2025-11-03T18:39:33.936157,unknown,,AbuseLimitReachedForRun
103.122.5.61,2025-11-03T18:39:33.936158,unknown,,AbuseLimitReachedForRun
103.122.66.122,2025-11-03T18:39:33.936159,unknown,,AbuseLimitReachedForRun
103.122.66.248,2025-11-03T18:39:33.936162,unknown,,AbuseLimitReachedForRun
103.123.175.254,2025-11-03T18:39:33.936164,unknown,,AbuseLimitReachedForRun
103.123.45.141,2025-11-03T18:39:33.936165,unknown,,AbuseLimitReachedForRun
103.124.113.21,2025-11-03T18:39:33.936166,unknown,,AbuseLimitReachedForRun
103.124.138.115,2025-11-03T18:39:33.936168,unknown,,AbuseLimitReachedForRun
103.124.152.203,2025-11-03T18:39:33.936169,unknown,,AbuseLimitReachedForRun
103.125.155.226,2025-11-03T18:39:33.936170,unknown,,AbuseLimitReachedForRun
103.126.100.214,2025-11-03T18:39:33.936172,unknown,,AbuseLimitReachedForRun
103.126.162.102,2025-11-03T18:39:33.936173,unknown,,AbuseLimitReachedForRun
103.126.6.8,2025-11-03T18:39:33.936174,unknown,,AbuseLimitReachedForRun
103.127.166.122,2025-11-03T18:39:33.936176,unknown,,AbuseLimitReachedForRun
103.127.198.115,2025-11-03T18:39:33.936177,unknown,,AbuseLimitReachedForRun
103.127.36.123,2025-11-03T18:39:33.936178,unknown,,AbuseLimitReachedForRun
103.129.127.158,2025-11-03T18:39:33.936180,unknown,,AbuseLimitReachedForRun
103.129.150.246,2025-11-03T18:39:33.936181,unknown,,AbuseLimitReachedForRun
103.13.112.55,2025-11-03T18:39:33.936182,unknown,,AbuseLimitReachedForRun
103.13.115.254,2025-11-03T18:39:33.936184,unknown,,AbuseLimitReachedForRun
103.13.138.22,2025-11-03T18:39:33.936185,unknown,,AbuseLimitReachedForRun
103.13.206.252,2025-11-03T18:39:33.936186,unknown,,AbuseLimitReachedForRun
103.13.220.175,2025-11-03T18:39:33.936188,unknown,,AbuseLimitReachedForRun
103.130.197.213,2025-11-03T18:39:33.936189,unknown,,AbuseLimitReachedForRun
103.130.199.74,2025-11-03T18:39:33.936190,unknown,,AbuseLimitReachedForRun
103.131.248.10,2025-11-03T18:39:33.936193,unknown,,AbuseLimitReachedForRun
103.133.249.138,2025-11-03T18:39:33.936195,unknown,,AbuseLimitReachedForRun
103.133.36.6,2025-11-03T18:39:33.936197,unknown,,AbuseLimitReachedForRun
103.134.194.171,2025-11-03T18:39:33.936198,unknown,,AbuseLimitReachedForRun
103.134.2.187,2025-11-03T18:39:33.936199,unknown,,AbuseLimitReachedForRun
103.135.134.164,2025-11-03T18:39:33.936201,unknown,,AbuseLimitReachedForRun
103.135.45.32,2025-11-03T18:39:33.936202,unknown,,AbuseLimitReachedForRun
103.136.136.181,2025-11-03T18:39:33.936203,unknown,,AbuseLimitReachedForRun
103.136.137.81,2025-11-03T18:39:33.936205,unknown,,AbuseLimitReachedForRun
103.137.24.176,2025-11-03T18:39:33.936208,unknown,,AbuseLimitReachedForRun
103.137.24.54,2025-11-03T18:39:33.936209,unknown,,AbuseLimitReachedForRun
103.138.173.191,2025-11-03T18:39:33.936211,unknown,,AbuseLimitReachedForRun
103.138.223.203,2025-11-03T18:39:33.936212,unknown,,AbuseLimitReachedForRun
103.138.70.193,2025-11-03T18:39:33.936213,unknown,,AbuseLimitReachedForRun
103.139.43.227,2025-11-03T18:39:33.936214,unknown,,AbuseLimitReachedForRun
103.139.65.151,2025-11-03T18:39:33.936216,unknown,,AbuseLimitReachedForRun
103.14.129.168,2025-11-03T18:39:33.936217,unknown,,AbuseLimitReachedForRun
103.14.250.93,2025-11-03T18:39:33.936220,unknown,,AbuseLimitReachedForRun
103.14.33.183,2025-11-03T18:39:33.936222,unknown,,AbuseLimitReachedForRun
103.140.154.199,2025-11-03T18:39:33.936223,unknown,,AbuseLimitReachedForRun
103.140.35.139,2025-11-03T18:39:33.936224,unknown,,AbuseLimitReachedForRun
103.140.62.77,2025-11-03T18:39:33.936225,unknown,,AbuseLimitReachedForRun
103.140.72.174,2025-11-03T18:39:33.936227,unknown,,AbuseLimitReachedForRun
103.140.73.114,2025-11-03T18:39:33.936228,unknown,,AbuseLimitReachedForRun
103.140.73.143,2025-11-03T18:39:33.936231,unknown,,AbuseLimitReachedForRun
103.140.73.154,2025-11-03T18:39:33.936233,unknown,,AbuseLimitReachedForRun
103.140.73.179,2025-11-03T18:39:33.936234,unknown,,AbuseLimitReachedForRun
103.140.73.233,2025-11-03T18:39:33.936235,unknown,,AbuseLimitReachedForRun
